,Number,Artist,Song,Year
0,1,Faith Hill,Breathe,2000
1,2,Santana feat. Rob Thomas,Smooth,2000
2,3,Santana feat. The Product GandB,Maria Maria,2000
3,4,Joe,I Wanna Know,2000
4,5,Vertical Horizon,Everything You Want,2000
5,6,Destiny’s Child,Say My Name,2000
6,7,Savage Garden,I Knew I Loved You,2000
7,8,Lonestar,Amazed,2000
8,9,matchbox twenty,Bent,2000
9,10,Toni Braxton,He Wasn’t Man Enough,2000
10,11,Creed,Higher,2000
11,12,Aaliyah,Try Again,2000
12,13,Destiny’s Child,Jumpin Jumpin’,2000
13,14,Sisqo,Thong Song,2000
14,15,3 Doors Down,Kryptonite,2000
15,16,Pink,There You Go,2000
16,17,Madonna,Music,2000
17,18,Janet,Doesn’t Really Matter,2000
18,19,Christina Aguilera,What A Girl Wants,2000
19,20,Brian McKnight,Back At One,2000
20,21,‘N Sync,Bye Bye Bye,2000
21,22,Marc Anthony,You Sang To Me,2000
22,23,Marc Anthony,I Need To Know,2000
23,24,Montell Jordan,Get It On Tonite,2000
24,25,Sisqo,Incomplete,2000
25,26,Macy Gray,I Try,2000
26,27,‘N Sync,It’s Gonna Be Me,2000
27,28,Celine Dion,That’s The Way It Is,2000
28,29,Nelly,(Hot S**T) Country Grammar,2000
29,30,Blaque,Bring It All To Me,2000
30,31,Backstreet Boys,Show Me The Meaning Of Being Lonely,2000
31,32,"Missy Elliott feat. Nas, EVE and Q-Tip",Hot Boyz,2000
32,33,BBMak,Back Here,2000
33,34,Sonique,It Feels So Good,2000
34,35,Nine Days,Absolutely (Story Of A Girl),2000
35,36,Creed,With Arms Wide Open,2000
36,37,Enrique Iglesias,Be With You,2000
37,38,Christina Aguilera,Come On Over Baby (All I Want Is You),2000
38,39,Ruff Endz,No More,2000
39,40,Blink 182,All The Small Things,2000
40,41,Faith Hill,The Way You Love Me,2000
41,42,Christina Aguilera,I Turn To You,2000
42,43,Third Eye Blind,Never Let You Go,2000
43,44,LeAnn Rimes,I Need You,2000
44,45,Mariah Carey feat. Joe and 98 Degrees,Thank God I Found You,2000
45,46,Jagged Edge,Let’s Get Married,2000
46,47,Whitney Houston,My Love Is Your Love,2000
47,48,Smash Mouth,Then The Morning Comes,2000
48,49,iffel 65,Blue (Da Ba Dee),2000
49,50,Sting feat. Cheb Mami,Desert Rose,2000
50,51,Eminem,The Real Slim Shady,2000
51,52,Pink,Most Girls,2000
52,53,Next,Wifey,2000
53,54,Everclear,Wonderful,2000
54,55,Britney Spears,Oops!… I Did It Again,2000
55,56,Jessica Simpson,I Wanna Love You Forever,2000
56,57,98 Degrees,Give Me Just One Night (Una Noche ),2000
57,58,Filter,Take A Picture,2000
58,59,Red Hot Chili Peppers,Otherside,2000
59,60,Jay-Z feat. UGK,Big Pimpin’,2000
60,61,Son By Four,Purest Of Pain (A Puro Dolor),2000
61,62,Jagged Edge,He Can’t Love U,2000
62,63,Avant,Separated,2000
63,64,Carl Thomas,I Wish,2000
64,65,Donell Jones,U Know What’s Up,2000
65,66,SoulDecision feat. Thrust,Faded,2000
66,67,Kid Rock,Only God Knows Why,2000
67,68,Mystikal,Shake Ya Ass,2000
68,69,Erykah Badu,Bag Lady,2000
69,70,Train,Meet Virginia,2000
70,71,DMX,Party Up (Up In Here),2000
71,72,Mya,Case Of The Ex (Whatcha Gonna Do),2000
72,73,Dr. Dre feat. Eminem,Forget About Dre,2000
73,74,Jo Dee Messina,That’s The Way,2000
74,75,Westlife,Swear It Again,2000
75,76,Dr. Dre feat. Snoop Dogg,The Next Episode,2000
76,77,Britney Spears,From The Bottom Of My Broken Heart,2000
77,78,Savage Garden,Crash And Burn,2000
78,79,Chad Brock,Yes!,2000
79,80,George Strait,The Best Day,2000
80,81,Donell Jones,Where I Wanna Be,2000
81,82,Toby Keith,How Do You Like Me Now?!,2000
82,83,Tim McGraw,My Best Friend,2000
83,84,Goo Goo Dolls,Broadway,2000
84,85,Da Brat feat. Tyrese,What’chu Like,2000
85,86,Kandi,Don’t Think I’m Not,2000
86,87,Lee Ann Womack and Sons Of The Desert,I Hope You Dance,2000
87,88,Alice Deejay,Better Off Alone,2000
88,89,Debelah Morgan,Dance With Me,2000
89,90,Lonestar,What About Now,2000
90,91,Sammie,I Like It,2000
91,92,Kevon Edmonds,24/7,2000
92,93,LFO,Girl On TV,2000
93,94,Lil Bow Wow feat. Xscape,Bounce With Me,2000
94,95,Dixie Chicks,Cowboy Take Me Away,2000
95,96,Aaliyah,I Don’t Wanna,2000
96,97,Destiny’s Child,Independent Women Part I,2000
97,98,Samantha Mumba,Gotta Tell You,2000
98,99,Jennifer Lopez,Waiting For Tonight,2000
99,100,Mary Mary,Shackles (Praise You),2000
100,101,Lifehouse,Hanging By A Moment,2001
101,102,Alicia Keys,Fallin’,2001
102,103,Janet,All For You,2001
103,104,Train,Drops Of Jupiter (Tell Me),2001
104,105,Jennifer Lopez feat. Ja Rule,I’m Real,2001
105,106,matchbox twenty,If You’re Gone,2001
106,107,Eve feat. Gwen Stefani,Let Me Blow Ya Mind,2001
107,108,Dido,Thank You,2001
108,109,Lenny Kravitz,Again,2001
109,110,Destiny’s Child,Independent Women Part I,2001
110,111,Blu Cantrell,Hit ‘Em Up Style (Oops!),2001
111,112,Shaggy feat. Ricardo “RikRok” Ducent,It Wasn’t Me,2001
112,113,Joe feat. Mystikal,Stutter,2001
113,114,Staind,It’s Been Awhile,2001
114,115,Usher,U Remind Me,2001
115,116,Jagged Edge With Nelly,Where The Party At,2001
116,117,Shaggy feat. Rayvon,Angel,2001
117,118,Nelly feat. City Spud,Ride Wit Me,2001
118,119,Uncle Kracker,Follow Me,2001
119,120,112,Peaches & Cream,2001
120,121,Incubus,Drive,2001
121,122,City High,What Would You Do?,2001
122,123,Destiny’s Child,Survivor,2001
123,124,"Christina Aguilera, Lil’ Kim, Mya and Pink",Lady Marmalade,2001
124,125,Outkast,Ms. Jackson,2001
125,126,Jennifer Lopez,Love Don’t Cost A Thing,2001
126,127,Faith Hill,The Way You Love Me,2001
127,128,Dream,He Loves U Not,2001
128,129,Crazy Town,Butterfly,2001
129,130,Ja Rule feat. Lil’ Mo and Vita,Put It On Me,2001
130,131,Mary J. Blige,Family Affair,2001
131,132,Lee Ann Womack and Sons Of The Desert,I Hope You Dance,2001
132,133,Moby feat. Gwen Stefani,South Side,2001
133,134,Madonna,Don’t Tell Me,2001
134,135,Missy “Misdemeanor” Elliott,Get Ur Freak On,2001
135,136,K-Ci and JoJo,Crazy,2001
136,137,Craig David,Fill Me In,2001
137,138,Janet,Someone To Call My Lover,2001
138,139,Creed,With Arms Wide Open,2001
139,140,Mya,Case Of The Ex (Whatcha Gonna Do),2001
140,141,O-Town,All Or Nothing,2001
141,142,Destiny’s Child,Bootylicious,2001
142,143,Nelly Furtado,I’m Like A Bird,2001
143,144,3 Doors Down,Kryptonite,2001
144,145,R. Kelly feat. Jay-Z,Fiesta,2001
145,146,Sugar Ray,When It’s Over,2001
146,147,Aerosmith,Jaded,2001
147,148,Jagged Edge,Promise,2001
148,149,Case,Missing You,2001
149,150,Ginuwine,Differences,2001
150,151,‘N Sync,This I Promise You,2001
151,152,Jay-Z,Izzo (H.O.V.A.),2001
152,153,Lil’ Mo feat. Fabolous,Superwoman Pt. II,2001
153,154,Evan And Jaron,Crazy For This Girl,2001
154,155,Ricky Martin and Christina Aguilera,Nobody Wants To Be Lonely,2001
155,156,Jay-Z,I Just Wanna Love U (Give It 2 Me),2001
156,157,Missy “Misdemeanor” Elliott,One Minute Man,2001
157,158,Mystikal feat. Nivea,Danger (Been So Long),2001
158,159,Enya,Only Time,2001
159,160,Toya,I Do!!,2001
160,161,S Club 7,Never Had A Dream Come True,2001
161,162,Tamia,Stranger In My House,2001
162,163,Jessica Simpson,Irresistible,2001
163,164,Sunshine Anderson,Heard It All Before,2001
164,165,Dave Matthews Band,The Space Between,2001
165,166,Faith Hill,There You’ll Be,2001
166,167,Musiq Soulchild,Love,2001
167,168,112,It’s Over Now,2001
168,169,3LW,No More (Baby I’ma Do Right),2001
169,170,Nelly Furtado,Turn Off The Light,2001
170,171,Brooks and Dunn,Ain’t Nothing `Bout You,2001
171,172,Jennifer Lopez,Play,2001
172,173,Lonestar,I’m Already There,2001
173,174,Lil’ Romeo,My Baby,2001
174,175,U2,Beautiful Day,2001
175,176,Blake Shelton,Austin,2001
176,177,Ludacris,Southern Hospitality,2001
177,178,Tim McGraw,Grown Men Don’t Cry,2001
178,179,Ja Rule feat. Case,Livin’ It Up,2001
179,180,Mariah Carey feat. Cameo,Loverboy,2001
180,181,Isley Brothers feat. Ronald Isley AKA Mr. Biggs,Contagious,2001
181,182,Jessica Andrews,Who I Am,2001
182,183,Erick Sermon feat. Marvin Gaye,Music,2001
183,184,Willa Ford,I Wanna Be Bad,2001
184,185,Kenny Chesney,Don’t Happen Twice,2001
185,186,Diamond Rio,One More Day,2001
186,187,R. Kelly,I Wish,2001
187,188,Travis Tritt,It’s A Great Day To Be Alive,2001
188,189,Trick Daddy,I’m A Thug,2001
189,190,Eve 6,Here’s To The Night,2001
190,191,Toby Keith,You Shouldn’t Kiss Me Like This,2001
191,192,Eden’s Crush,Get Over Yourself,2001
192,193,Debelah Morgan,Dance With Me,2001
193,194,Outkast,"So Fresh, So Clean",2001
194,195,Nelly,E.I.,2001
195,196,3 Doors Down,Be Like That,2001
196,197,Pink,Most Girls,2001
197,198,QB’s Finest feat. Nas and Braveheart’s,Oochie Wally,2001
198,199,Enrique Iglesias,Hero,2001
199,200,Fuel,Hemorrhage (In My Hands),2001
200,201,Nickelback,How Your Remind Me,2002
201,202,Ashanti,Foolish,2002
202,203,Nelly,Hot in Herre,2002
203,204,Nelly feat. Kelly Rowland,Dilemma,2002
204,205,The Calling,Wherever you Will Go,2002
205,206,Vanessa Carlton,A Thousand Miles,2002
206,207,Linkin Park,In the End,2002
207,208,Fat Joe feat. Ashanti,What’s Luv?,2002
208,209,Usher,U Got it Bad,2002
209,210,Puddle Of Mudd,Blurry,2002
210,211,Avril Lavigne,Complicated,2002
211,212,Ja Rule feat. Ashanti,Always on Time,2002
212,213,Jennifer Lopez feat. Ja Rule,Ain’t it Funny,2002
213,214,Jimmy Eat World,The Middle,2002
214,215,P. Diddy feat. Usher and Loon,I Need a Girl (Part One),2002
215,216,Usher,U Don’t have to Call,2002
216,217,Mary J. Blige,Family Affair,2002
217,218,"P. Diddy and Ginuwine feat. Loon, Mario Winans and Tammy Ruggeri",I Need a Girl (Part Two),2002
218,219,Eve feat. Alicia Keys,Gangsta Lovin’,2002
219,220,Creed,My Sacrifice,2002
220,221,Eminem,Without Me,2002
221,222,Enrique Iglesias,Hero,2002
222,223,Michelle Branch,All You Wanted,2002
223,224,Pink,Get the Party Started,2002
224,225,Chad Kroeger feat. Josey Scott,Hero,2002
225,226,Default,Wasting My Time,2002
226,227,Creed,One Last Breath,2002
227,228,Shakira,"Whenever, Wherever",2002
228,229,Jennifer Lopez feat. Nas,I’m Gonna Be Alright,2002
229,230,Cam’ron feat. Juelz Santana,Oh Boy,2002
230,231,DJ Sammy and Yanou feat. Do,Heaven,2002
231,232,No Doubt feat. Bounty Killer,Hey Baby,2002
232,233,‘N Sync feat. Nelly,Girlfriend,2002
233,234,Mario,Just a Friend 2002,2002
234,235,Sheryl Crow,Soak up the Sun,2002
235,236,Pink,Don’t Let Me Get Me,2002
236,237,N.O.R.E.,Nothin’,2002
237,238,Tweet,Oops (Oh My),2002
238,239,Kelly Clarkson,A Moment Like This,2002
239,240,Truth Hurts feat. Rakim,Addictive,2002
240,241,Ashanti,Happy,2002
241,242,John Mayer,No Such Thing,2002
242,243,Pink,Just Like a Pill,2002
243,244,"Irv Gotti Presents The Inc. feat. Ja Rule, Ashanti, Charli Baltimore and Vita",Down 4 U,2002
244,245,Kylie Minogue,Can’t Get You Out Of My Head,2002
245,246,Five For Fighting,Superman (It’s not Easy),2002
246,247,Eminem,Cleanin’ out my Closet,2002
247,248,Musiq,Halfcrazy,2002
248,249,Mr. Cheeks,"Lights, Camera, Action!",2002
249,250,Big Tymers,Still Fly,2002
250,251,Alicia Keys,A Woman’s Worth,2002
251,252,Craig David,7 Days,2002
252,253,"Cam’ron feat. Juelz Santana, Freekey Zekey and Toya",Hey Ma,2002
253,254,Missy “Misdemeanor” Elliott,Work It,2002
254,255,Ludacris feat. Mystikal and Infamous 2.0,Move Bitch,2002
255,256,LeAnn Rimes,Can’t Fight the Moonlight,2002
256,257,Enrique Iglesias,Escape,2002
257,258,Aaliyah,More than a Woman,2002
258,259,No Doubt,Hello Good,2002
259,260,Faith Evans,I Love You,2002
260,261,Daniel Bedingfield,Gotta Get Thru This,2002
261,262,Busta Rhymes feat. P. Diddy and Pharrell,Pass the Courvoisier Part II,2002
262,263,Eminem,Lose Yourself,2002
263,264,Michael Jackson,Butterflies,2002
264,265,Brandy,What About Us?,2002
265,266,Shakira,Underneath your Clothes,2002
266,267,Mary J. Blige feat. Ja Rule,Rainy Dayz,2002
267,268,Ginuwine,Differences,2002
268,269,Angie Martinez feat. Lil’ Mo and Sacario,If I could Go!,2002
269,270,OutKast feat. Killer Mike,The Whole World,2002
270,271,No Doubt feat. Lady Saw,Underneath it All,2002
271,272,City High feat. Eve,Caramel,2002
272,273,LL Cool J,Luv U Better,2002
273,274,Sean Paul,Gimme the Light,2002
274,275,‘N Sync,Gone,2002
275,276,Ja Rule feat. Case,Livin’ it Up,2002
276,277,Ludacris,Roll Out (My Business),2002
277,278,Goo Goo Dolls,Here is Gone,2002
278,279,Mary J. Blige,No More Drama,2002
279,280,Dirty Vegas,Days go By,2002
280,281,Ashanti,Baby,2002
281,282,Kenny Chesney,The Good Stuff,2002
282,283,Fat Joe feat. R. Kelly,We Thuggin’,2002
283,284,Steve Holy,Good Morning Beautiful,2002
284,285,Aaliyah,Rock the Boat,2002
285,286,Alan Jackson,Drive (For Daddy Gene),2002
286,287,Jewel,Standing Still,2002
287,288,Jaheim feat. Next,Anything,2002
288,289,Brandy,Full Moon,2002
289,290,B2K,Uh Huh,2002
290,291,Celine Dion,A New Day has Come,2002
291,292,Nelly Furtado,Turn Off the Light,2002
292,293,George Strait,Living and Living Well,2002
293,294,Toby Keith,My List,2002
294,295,Alanis Morissette,Hands Clean,2002
295,296,Avril Lavigne,Sk8er Boi,2002
296,297,Dixie Chicks,Long Time Gone,2002
297,298,Alan Jackson,Where Were You (When the World Stopped Turning),2002
298,299,Justin Timberlake,Like I Love You,2002
299,300,Toya,I Do!!,2002
300,301,50 Cent,In Da Club,2003
301,302,R. Kelly,Ignition,2003
302,303,Sean Paul,Get Busy,2003
303,304,Beyonce feat. Jay-Z,Crazy in Love,2003
304,305,3 Doors Down,When I’m Gone,2003
305,306,matchbox twenty,Unwell,2003
306,307,Chingy,Right Thurr,2003
307,308,Aaliyah,Miss You,2003
308,309,Kid Rock feat. Sheryl Crow,Picture,2003
309,310,Evanescence feat. Paul McCoy,Bring me to Life,2003
310,311,Lil Jon and The East Side Boyz feat. Ying Yang Twins,Get Low,2003
311,312,Beyonce feat. Sean Paul,Baby Boy,2003
312,313,"Nelly, P. Diddy and Murphy Lee",Shake ya Tailfeather,2003
313,314,50 Cent feat. Nate Dogg,21 Questions,2003
314,315,Jennifer Lopez feat. LL Cool J,All I Have,2003
315,316,Christina Aguilera,Beautiful,2003
316,317,Busta Rhymes and Mariah Carey feat. The Flipmode Squad,I Know what you Want,2003
317,318,Avril Lavigne,I’m with You,2003
318,319,Uncle Kracker feat. Dobie Gray,Drift Away,2003
319,320,Lil’ Kim feat. 50 Cent,Magic Stick,2003
320,321,50 Cent,P.I.M.P.,2003
321,322,B2K and P. Diddy,"Bump, Bump, Bump",2003
322,323,Fabolous feat. Tamia Or Ashanti,Into You,2003
323,324,Fabolous feat. Mike Shorey and Lil’ Mo,Can’t let you Go,2003
324,325,Ja Rule feat. Ashanti,Mesmerize,2003
325,326,Black Eyed Peas,Where is the Love?,2003
326,327,Santana feat. Michelle Branch,The Game of Love,2003
327,328,Eminem,Lose Yourself,2003
328,329,Ashanti,Rock wit U (Awww Baby),2003
329,330,Justin Timberlake,Cry me a River,2003
330,331,Tyrese,How you Gonna Act Like That,2003
331,332,Justin Timberlake,Rock your Body,2003
332,333,Wayne Wonder,No Letting Go,2003
333,334,Pharrell feat. Jay-Z,Frontin’,2003
334,335,Dixie Chicks,Landslide,2003
335,336,Missy “Misdemeanor” Elliott,Work It,2003
336,337,Jay-Z feat. Beyonce Knowles,’03 Bonnie & Clyde,2003
337,338,Nivea feat. Brian and Brandon Casey,Don’t Mess with my Man,2003
338,339,Monica,So Gone,2003
339,340,"Nelly feat. Kyjuan, Ali and Murphy Lee",Air Force Ones,2003
340,341,Lumidee,"Never Leave You – Uh Ooh, Uh Oooh!",2003
341,342,Snoop Dogg feat. Pharrell and Uncle Charlie Wilson,Beautiful,2003
342,343,Missy “Misdemeanor” Elliott feat. Ludacris,Gossip Folks,2003
343,344,Kelly Clarkson,Miss Independent,2003
344,345,Train,Calling All Angels,2003
345,346,YoungBloodZ feat. Lil Jon,Damn!,2003
346,347,Clay Aiken,This is the Night,2003
347,348,John Mayer,Your Body is a Wonderland,2003
348,349,Trapt,Headstrong,2003
349,350,Ginuwine,In those Jeans,2003
350,351,Ludacris feat. Shawnna,Stand Up,2003
351,352,Jason Mraz,The Remedy (I won’t Worry),2003
352,353,Santana feat. Alex Band Or Chad Kroeger,Why Don’t You & I,2003
353,354,Jay-Z,Excuse Me Miss,2003
354,355,Jennifer Lopez feat. Styles and Jadakiss,Jenny from the Block,2003
355,356,Michelle Branch,Are you Happy Now?,2003
356,357,Shania Twain,Forever and for Always,2003
357,358,Nas,I Can,2003
358,359,No Doubt feat. Lady Saw,Underneath it All,2003
359,360,Daniel Bedingfield,If you’re not the One,2003
360,361,R. Kelly,Thoia Thoing,2003
361,362,3 Doors Down,Here without You,2003
362,363,50 Cent,Wanksta,2003
363,364,Mya,My Love is Like… Wo,2003
364,365,Alan Jackson and Jimmy Buffett,It’s Five O’Clock Somewhere,2003
365,366,Sean Paul,Like Glue,2003
366,367,Christina Aguilera feat. Lil’ Kim,Can’t Hold us Down,2003
367,368,Lonestar,My Front Porch Looking In,2003
368,369,Amanda Perez,Angel,2003
369,370,Puddle Of Mudd,She Hates Me,2003
370,371,Frankie J,Don’t Wanna Try,2003
371,372,Lil’ Kim feat. Mr. Cheeks,The Jump Off,2003
372,373,Jewel,Intuition,2003
373,374,Ginuwine feat. Baby,Hell Yeah,2003
374,375,Toby Keith Duet With Willie Nelson,Beer for my Horses,2003
375,376,Chingy feat. Ludacris and Snoop Dogg,Holidae In,2003
376,377,Baby Bash feat. Frankie J,Suga Suga,2003
377,378,Erykah Badu feat. Common,Love of my Life (An Ode to Hip Hop),2003
378,379,Christina Aguilera,Fighter,2003
379,380,2Pac,Thugz Mansion,2003
380,381,Coldplay,Clocks,2003
381,382,Jaheim,Put that Woman First,2003
382,383,Ashanti,Rain on Me,2003
383,384,Mark Wills,19 Somethin’,2003
384,385,Young Gunz,"Can’t Stop, Won’t Stop",2003
385,386,Brooks and Dunn,Red Dirt Road,2003
386,387,Dierks Bentley,What was I Thinkin’,2003
387,388,Ruben Studdard,Flying without Wings,2003
388,389,Eminem,Sing for the Moment,2003
389,390,Darryl Worley,Have you Forgotten?,2003
390,391,Kenny Chesney,"No Shoes, No Shirt, No Problems",2003
391,392,Aaliyah,Come Over,2003
392,393,Field Mob,Sick of Being Lonely,2003
393,394,R. Kelly,Step in the Name of Love,2003
394,395,Thalia feat. Fat Joe,I Want You,2003
395,396,Audioslave,Like a Stone,2003
396,397,Norah Jones,Don’t know Why,2003
397,398,Eminem,Superman,2003
398,399,Tim McGraw,Real Good Man,2003
399,400,Floetry,Say Yes,2003
400,401,Usher feat. Lil Jon and Ludacris,Yeah!,2004
401,402,Usher,Burn,2004
402,403,Alicia Keys,If I Ain’t Got You,2004
403,404,Maroon5,This Love,2004
404,405,OutKast feat. Sleepy Brown,The Way You Move,2004
405,406,Hoobastank,The Reason,2004
406,407,Mario Winans feat. Enya and P. Diddy,I Don’t Wanna Know,2004
407,408,OutKast,Hey Ya!,2004
408,409,Ciara feat. Petey Pablo,Goodies,2004
409,410,Terror Squad,Lean Back,2004
410,411,J-Kwon,Tipsy,2004
411,412,Usher,Confessions Part II,2004
412,413,Juvenile feat. Soulja Slim,Slow Motion,2004
413,414,Petey Pablo,Freek-a-Leek,2004
414,415,3 Doors Down,Here Without You,2004
415,416,Twista feat. Kanye West and Jamie Foxx,Slow Jamz,2004
416,417,Nickelback,Someday,2004
417,418,Beyonce,Naughty Girl,2004
418,419,Evanescence,My Immortal,2004
419,420,Lil’ Flip feat. Lea,Sunshine,2004
420,421,Jay-Z,Dirt Off Your Shoulder,2004
421,422,Nina Sky feat. Jabba,Move Ya Body,2004
422,423,Christina Milian,Dip It Low,2004
423,424,Usher And Alicia Keys,My Boo,2004
424,425,Chingy feat. J. Weav,One Call Away,2004
425,426,Beyonce,"Me, Myself, and I",2004
426,427,Kevin Lyttle feat. Spragga Benz,Turn Me On,2004
427,428,Sheryl Crow,The First Cut Is The Deepest,2004
428,429,Alicia Keys,You Don’t Know My Name,2004
429,430,Nelly feat. Jaheim,My Place,2004
430,431,Twista,Overnight Celebrity,2004
431,432,Cassidy feat. R. Kelly,Hotel,2004
432,433,Linkin Park,Numb,2004
433,434,Alicia Keys feat. Tony! Toni! Tone!,Diary,2004
434,435,Maroon 5,She Will be Loved,2004
435,436,Dido,White Flag,2004
436,437,Los Lonely Boys,Heaven,2004
437,438,No Doubt,It’s My Life,2004
438,439,Ashlee Simpson,Pieces of Me,2004
439,440,JoJo,Leave (Get Out),2004
440,441,Kelis,Milkshake,2004
441,442,Ludacris,Splash Waterfalls,2004
442,443,Kanye West,Jesus Walks,2004
443,444,Akon feat. Styles P.,Locked Up,2004
444,445,Ludacris feat. Shawnna,Stand Up,2004
445,446,Baby Bash feat. Frankie J,Suga Suga,2004
446,447,Kanye West feat. Syleena Johnson,All Falls Down,2004
447,448,Britney Spears,Toxic,2004
448,449,Ying Yang Twins feat. Lil Jon and The East Side Boyz,Salt Shaker,2004
449,450,Jessica Simpson,With You,2004
450,451,Switchfoot,Meant to Live,2004
451,452,"Houston feat. Chingy, Nate Dogg and I-20",I Like That,2004
452,453,Ruben Studdard,Sorry 2004,2004
453,454,Avril Lavigne,My Happy Ending,2004
454,455,Lloyd Banks,On Fire,2004
455,456,OutKast,Roses,2004
456,457,Jagged Edge,Walker outta Heaven,2004
457,458,Destiny’s Child,Lose My Breath,2004
458,459,D12,My Band,2004
459,460,Sean Paul feat. Sasha,I’m Still in Love with You,2004
460,461,Kanye West,Through the Wire,2004
461,462,Jadakiss feat. Anthony Hamilton,Why?,2004
462,463,Eamon,F**k It (I Don’t Want you Back),2004
463,464,Avant,Read your Mind,2004
464,465,Lil’ Flip,Game Over (Flip),2004
465,466,Finger Eleven,One Thing,2004
466,467,LL Cool J,Headsprung,2004
467,468,YoungBloodZ feat. Lil Jon,Damn!,2004
468,469,Beyonce feat. Sean Paul,Baby Boy,2004
469,470,Lil Jon and The East Side Boyz feat. Ying Yang Twins,Get Low,2004
470,471,Snoop Dogg feat. Pharrell,Drop it Like it’s Hot,2004
471,472,Monica,U Should’ve Known Better,2004
472,473,Ryan Cabrera,On the Way Down,2004
473,474,Kelly Clarkson,Breakaway,2004
474,475,Santana feat. Alex Band Or Chad Kroeger,Why Don’t you & I,2004
475,476,Jet,Are You Gonna Be My Girl,2004
476,477,Five For Fighting,100 Years,2004
477,478,R. Kelly,Step In The Name Of Love,2004
478,479,Linkin Park,Breaking the Habit,2004
479,480,Nick Cannon feat. R. Kelly,Gigolo,2004
480,481,Tim McGraw,Live Like You Were Dying,2004
481,482,Alan Jackson,Remember When,2004
482,483,Britney Spears,Everytime,2004
483,484,Lloyd feat. Ashanti,Southside,2004
484,485,Beenie Man feat. Ms. Thing,Dude,2004
485,486,G-Unit feat. Joe,Wanna Get To Know You,2004
486,487,Chingy feat. Ludacris and Snoop Dogg,Holidae In,2004
487,488,Black Eyed Peas,Let’s Get It Started,2004
488,489,Kenny Chesney and Uncle Kracker,When the Sun Goes Down,2004
489,490,Toby Keith,American Soldier,2004
490,491,Jay-Z,Change Clothes,2004
491,492,Avril Lavigne,Don’t Tell Me,2004
492,493,Keith Urban,You’ll Think of Me,2004
493,494,R. Kelly,Happy People,2004
494,495,Black Eyed Peas,Hey Mama,2004
495,496,Nelly feat. Tim McGraw,Over and Over,2004
496,497,Gretchen Wilson,Redneck Woman,2004
497,498,Eminem,Just Lose It,2004
498,499,John Michael Montgomery,Letters from Home,2004
499,500,Kenny Chesney,I Go Back,2004
500,501,Mariah Carey,We Belong Together,2005
501,502,Gwen Stefani,Hollaback Girl,2005
502,503,Mario,Let Me Love You,2005
503,504,Kelly Clarkson,Since U Been Gone,2005
504,505,Ciara feat. Missy Elliott,"1, 2 Step",2005
505,506,Kanye West feat. Jamie Foxx,Gold Digger,2005
506,507,Green Day,Boulevard of Broken Dreams,2005
507,508,50 Cent feat. Olivia,Candy Shop,2005
508,509,The Pussycat Dolls feat. Busta Rhymes,Don’t Cha,2005
509,510,Kelly Clarkson,Behind These Hazel Eyes,2005
510,511,50 Cent,Disco Inferno,2005
511,512,Lifehouse,You and Me,2005
512,513,The Black Eyed Peas,Don’t Phunk With My Heart,2005
513,514,Missy Elliott feat. Ciara and Fat Man Scoop,Lose Control,2005
514,515,Mariah Carey,Shake it Off,2005
515,516,The Killers,Mr. Brightside,2005
516,517,50 Cent,Just a Lil Bit,2005
517,518,Rihanna,Pon de Replay,2005
518,519,The Game feat. 50 Cent,How We Do,2005
519,520,Weezer,Beverly Hills,2005
520,521,Ciara feat. Ludacris,Oh,2005
521,522,Rob Thomas,Lonely No More,2005
522,523,Snoop Dogg feat. Pharrell,Drop it Like It’s Hot,2005
523,524,The Game feat. 50 Cent,Hate It or Love It,2005
524,525,Lil Jon and The East Side Boyz feat. Usher and Ludacris,Lovers and Friends,2005
525,526,Destiny’s Child feat. T.I. and Lil Wayne,Soldier,2005
526,527,Kelly Clarkson,Breakaway,2005
527,528,Will Smith,Switch,2005
528,529,Bow Wow feat. Omarion,Let Me HOld You,2005
529,530,Bow Wow feat. Ciara,Like You,2005
530,531,Gwen Stefani feat. Eve,Rich Girl,2005
531,532,The Black Eyed Peas,My Humps,2005
532,533,Frankie J feat. Baby Bash,Obsession (No Es Amor),2005
533,534,Usher,Caught Up,2005
534,535,D.H.T.,Listen to your Heart,2005
535,536,Papa Roach,Scars,2005
536,537,Gorillaz,Feel Good Inc,2005
537,538,3 Doors Down,Let Me Go,2005
538,539,Green Day,Holiday,2005
539,540,Fall Out Boy,"Sugar, we’re Goin’ Down",2005
540,541,Pretty Ricky,Grind With Me,2005
541,542,Chris Brown,Run It!,2005
542,543,Nickelback,Photograph,2005
543,544,Akon,Lonely,2005
544,545,Howie Day,Collide,2005
545,546,Green Day,Wake Me up When September Ends,2005
546,547,Bobby Valentino,Slow Down,2005
547,548,Nelly feat. Tim McGraw,Over and Over,2005
548,549,Trillville feat. Cutty,Some Cut,2005
549,550,Fat Joe feat. Nelly,Get it Poppin’,2005
550,551,David Banner,Play,2005
551,552,Young Jeezy feat. Akon,Soul Survivor,2005
552,553,Ludacris feat. Bobby Valentino,Pimpin’ All Over the World,2005
553,554,Usher And Alicia Keys,My Boo,2005
554,555,"Trick Daddy feat. Ludacris, Lil’ Kim and Cee-Lo",Sugar (Gimme Some),2005
555,556,Alicia Keys,Karma,2005
556,557,Coldplay,Speed of Sound,2005
557,558,Gavin DeGraw,I Don’t Want to Be,2005
558,559,Eminem,Mockingbird,2005
559,560,Shakira feat. Alejandro Sanz,La Tortura,2005
560,561,Maroon5,She Will be Loved,2005
561,562,Baby Bash feat. Akon,Baby I’m Back,2005
562,563,Ying Yang Twins,Wait (The Whisper Song),2005
563,564,Backstreet Boys,Incomplete,2005
564,565,T.I.,Bring em Out,2005
565,566,Destiny’s Child,Cater 2 U,2005
566,567,Amerie,1 Thing,2005
567,568,Foo Fighters,Best of You,2005
568,569,Mariah Carey,It’s Like That,2005
569,570,Natalie,Goin’ Crazy,2005
570,571,Carrie Underwood,Inside your Heaven,2005
571,572,Kelly Clarkson,Because of You,2005
572,573,Fantasia,Truth Is,2005
573,574,Pretty Ricky,Your Body,2005
574,575,Jesse McCartney,Beautiful Soul,2005
575,576,Gwen Stefani,Cool,2005
576,577,Ludacris,Get Back,2005
577,578,50 Cent feat. Mobb Deep,Outta Control (Remix),2005
578,579,T.I.,U Don’t Know Me,2005
579,580,Natasha Bedingfield,These Words,2005
580,581,The Black Eyed Peas,Don’t Lie,2005
581,582,Jennifer Lopez,Get Right,2005
582,583,John Mayer,Daughters,2005
583,584,Toby Keith,As Good as I Once Was,2005
584,585,Brooke Valentine feat. Lil Jon and Big Boi,Girlfight,2005
585,586,Destiny’s Child,Lose My Breath,2005
586,587,John Legend,Ordinary People,2005
587,588,Sean Paul,We Be Burnin’,2005
588,589,The Click Five,Just the Girl,2005
589,590,Ryan Cabrera,True,2005
590,591,Omarion,O,2005
591,592,Mike Jones,Back Then,2005
592,593,Jay-Z/Linkin Park,Numb/Encore,2005
593,594,Ja Rule feat. R. Kelly and Ashanti,Wonderful,2005
594,595,T-Pain,I’m Sprung,2005
595,596,Gavin DeGraw,Chariot,2005
596,597,112 feat. Foxy Brown,U Already Know,2005
597,598,Faith Hill,Mississippi Girl,2005
598,599,Ludacris,Number One Spot,2005
599,600,Webbie feat. Bun B,Give Me That,2005
600,601,Daniel Powter,Bad Day,2006
601,602,Sean Paul,Temperature,2006
602,603,Nelly Furtado feat. Timbaland,Promiscuous,2006
603,604,James Blunt,You’re Beautiful,2006
604,605,Shakira feat. Wyclef Jean,Hips Don’t Lie,2006
605,606,Natasha Bedingfield,Unwritten,2006
606,607,Gnarls Barkley,Crazy,2006
607,608,Chamillionaire feat. Krayzie Bone,Ridin’,2006
608,609,Justin Timberlake,Sexyback,2006
609,610,Beyonce feat. Slim Thug,Check on It,2006
610,611,Mary J. Blige,Be without You,2006
611,612,"Nelly feat. Paul Wall, Ali and Gipp",Grillz,2006
612,613,The Fray,Over My Head (Cable Car),2006
613,614,Cassie,Me & U,2006
614,615,The Pussycat Dolls feat. Snoop Dogg,Buttons,2006
615,616,Chris Brown,Run It!,2006
616,617,Ne-Yo,So Sick,2006
617,618,Yung Joc,It’s Goin’ Down,2006
618,619,Rihanna,SOS,2006
619,620,Panic! At The Disco,I Write Sins not Tragedies,2006
620,621,The All-American Rejects,Move Along,2006
621,622,Fergie,London Bridge,2006
622,623,Red Hot Chili Peppers,Dani California,2006
623,624,Lil Jon feat. E-40 and Sean Paul Of The YoungBloodZ,Snap Yo Fingers,2006
624,625,Dem Franchize Boyz feat. Lil Peanut and Charlay,"Lean Wit It, Rock Wit It",2006
625,626,Rascal Flatts,What Hurts the Most,2006
626,627,The Fray,How to Save a Life,2006
627,628,Rihanna,Unfaithful,2006
628,629,Snow Patrol,Chasing Cars,2006
629,630,Hinder,Lips of an Angel,2006
630,631,Cascada,Everytime We Touch,2006
631,632,Christina Aguilera,Ain’t no Other Man,2006
632,633,Fall Out Boy,"Dance, Dance",2006
633,634,Kanye West feat. Jamie Foxx,Gold Digger,2006
634,635,Ludacris feat. Pharrell,Money Maker,2006
635,636,Bubba Sparxxx feat. Ying Yang Twins and Mr. ColliPark,Ms. New Booty,2006
636,637,Sean Paul feat. Keyshia Cole,(When You Gonna) Give It Up To Me,2006
637,638,Nickelback,Photograph,2006
638,639,Kelly Clarkson,Because of You,2006
639,640,The Pussycat Dolls,Stickwitu,2006
640,641,T-Pain feat. Mike Jones,I’n N Luv (Wit a Stripper),2006
641,642,The Black Eyed Peas,My Humps,2006
642,643,Fort Minor feat. Holly Brook,Where’d You Go,2006
643,644,Chris Brown,Yo (Excuse Me Miss),2006
644,645,Kelly Clarkson,Walk Away,2006
645,646,D4L,Laffy Taffy,2006
646,647,T.I.,What you Know,2006
647,648,The All-American Rejects,Dirty Little Secret,2006
648,649,Nickelback,Savin’ Me,2006
649,650,Mariah Carey,Don’t Forget About Us,2006
650,651,Ne-Yo,Sexy Love,2006
651,652,E-40 feat. T-Pain and Kandi Girl,U and Dat,2006
652,653,Nickelback,Far Away,2006
653,654,Nick Lachey,What’s Left of Me,2006
654,655,Field Mob feat. Ciara,So What,2006
655,656,Cherish feat. Sean Paul Of The YoungBloodZ,Do it to It,2006
656,657,KT Tunstall,Black Horse & the Cherry Tree,2006
657,658,Juelz Santana,There it Go! (The Whistle Song),2006
658,659,Young Dro feat. T.I.,Shoulder Lean!,2006
659,660,Jamie Foxx feat. Ludacris,Unpredictable,2006
660,661,Justin Timberlake feat. T.I.,My Love,2006
661,662,Eminem feat. Nate Dogg,Shake That,2006
662,663,Chingy feat. Tyrese,Pullin’ Me Back,2006
663,664,Kelis feat. Too $hort,Bossy,2006
664,665,Jibbs,Chain Hang Low,2006
665,666,Akon feat. Eminem,Smack That,2006
666,667,Ray J,One Wish,2006
667,668,Fall Out Boy,Sugar We’re Goin’ Down,2006
668,669,Chris Brown feat. Lil’ Wayne,Gimme That,2006
669,670,Yung Joc feat. Brandy ‘Ms. B.’ Hambrick,I Know You See It,2006
670,671,Bon Jovi,Who Says you can’t Go Home,2006
671,672,JoJo,Too Little Too Late,2006
672,673,Busta Rhymes,Touch It,2006
673,674,Daddy Yankee,Rompe,2006
674,675,Beyonce feat. Jay-Z,Deja Vu,2006
675,676,Rascal Flatts,Life is a Highway,2006
676,677,Evanescence,Call me When You’re Sober,2006
677,678,Carrie Underwood,"Jesus, take the Wheel",2006
678,679,Danity Kane,Show Stopper,2006
679,680,Ciara feat. Chamillionaire,Get Up,2006
680,681,Sean Paul,We be Burnin’,2006
681,682,Blue October,Hate Me,2006
682,683,Lifehouse,You and Me,2006
683,684,The Pussycat Dolls feat. will.i.am,Beep,2006
684,685,"Dem Franchize Boyz feat. Jermaine Dupri, Da Brat and Bow Wow",I Think They Like Me,2006
685,686,Chris Brown,Say Goodbye,2006
686,687,John Mayer,Waiting on the World to Change,2006
687,688,Young Jeezy feat. Akon,Soul Survivor,2006
688,689,The Black Eyed Peas,Pump It,2006
689,690,Eminem,When I’m Gone,2006
690,691,Madonna,Hung Up,2006
691,692,Three 6 Mafia feat. Young Buck and Eightball and MJG,Stay Fly,2006
692,693,Keyshia Cole,Love,2006
693,694,Ne-Yo,When You’re Mad,2006
694,695,T.I.,Why You Wanna,2006
695,696,Pink,Stupid Girls,2006
696,697,Gorillaz,Feel Good Inc,2006
697,698,T-Pain,I’m Sprung,2006
698,699,Taylor Hicks,Do I Make you Proud,2006
699,700,Teddy Geiger,For You I Will (Condience),2006
700,701,Beyonce,Irreplaceable,2007
701,702,Rihanna feat. Jay-Z,Umbrella,2007
702,703,Gwen Stefani feat. Akon,The Sweet Escape,2007
703,704,Fergie,Big Girls Don’t Cry,2007
704,705,T-Pain feat. Yung Joc,Buy U A Drank (Shawty Snappin’),2007
705,706,Carrie Underwood,Before He Cheats,2007
706,707,Plain White T’s,Hey There Delilah,2007
707,708,Akon feat. Snoop Dogg,I Wanna Love You,2007
708,709,Nelly Furtado,Say It Right,2007
709,710,Fergie feat. Ludacris,Glamorous,2007
710,711,Akon,Don’t Matter,2007
711,712,Avril Lavigne,Girlfriend,2007
712,713,Maroon 5,Makes Me Wonder,2007
713,714,Shop Boyz,Party Like A Rockstar,2007
714,715,Akon feat. Eminem,Smack That,2007
715,716,Mims,This Is Why I’m Hot,2007
716,717,Daughtry,It’s Not Over,2007
717,718,Timbaland feat. Keri Hilson,The Way I Are,2007
718,719,Fergie,Fergalicious,2007
719,720,Soulja Boy Tell’em,Crank That (Soulja Boy),2007
720,721,Timbaland feat. Nelly Furtado & Justin Timberlake,Give It To Me,2007
721,722,Justin Timberlake,What Goes Around…Comes Around,2007
722,723,Gym Class Heroes feat. Patrick Stump,Cupid’s Chokehold/Breakfast In America,2007
723,724,The Fray,How To Save A Life,2007
724,725,Daughtry,Home,2007
725,726,Justin Timberlake feat. T.I.,My Love,2007
726,727,Kanye West,Stronger,2007
727,728,Jim Jones,We Fly High,2007
728,729,Pink,U + Ur Hand,2007
729,730,Unk,Walk It Out,2007
730,731,Sean Kingston,Beautiful Girls,2007
731,732,Fall Out Boy,"This Ain’t A Scene, It’s An Arms Race",2007
732,733,T-Pain feat. Akon,Bartender,2007
733,734,Huey,"Pop, Lock & Drop It",2007
734,735,Ludacris feat. Mary J. Blige,Runaway Love,2007
735,736,Nickelback,Rockstar,2007
736,737,Fall Out Boy,Thnks Fr Th Mmrs,2007
737,738,Linkin Park,What I’ve Done,2007
738,739,Justin Timberlake,Summer Love,2007
739,740,Lloyd feat. Lil’ Wayne,You,2007
740,741,Elliott Yamin,Wait For You,2007
741,742,Diddy feat. Keyshia Cole,Last Night,2007
742,743,Fat Joe feat. Lil Wayne,Make It Rain,2007
743,744,Fabolous feat. Ne-Yo,Make Me Better,2007
744,745,Omarion,Ice Box,2007
745,746,Hinder,Lips Of An Angel,2007
746,747,John Mayer,Waiting On The World To Change,2007
747,748,Robin Thicke,Lost Without U,2007
748,749,R. Kelly Or Bow Wow (feat. T.I. & T-Pain),I’m A Flirt,2007
749,750,Nickelback,If Everyone Cared,2007
750,751,Lloyd,Get It Shawty,2007
751,752,The Red Jumpsuit Apparatus,Face Down,2007
752,753,Baby Boy Da Prince feat. Lil Boosie,The Way I Live,2007
753,754,Bow Wow feat. Chris Brown & Johnta Austin,Shortie Like Mine,2007
754,755,The All-American Rejects,It Ends Tonight,2007
755,756,Hurricane Chris,A Bay Bay,2007
756,757,Ne-Yo,Because Of You,2007
757,758,Bone Thugs-N-Harmony feat. Akon,I Tried,2007
758,759,My Chemical Romance,Welcome To The Black Parade,2007
759,760,Plies feat. T-Pain,Shawty,2007
760,761,Snow Patrol,Chasing Cars,2007
761,762,Beyonce & Shakira,Beautiful Liar,2007
762,763,Justin Timberlake,Sexyback,2007
763,764,Avril Lavigne,Keep Holding On,2007
764,765,Keyshia Cole feat. Missy Elliott & Lil Kim,Let It Go,2007
765,766,Timbaland feat. OneRepublic,Apologize,2007
766,767,Colbie Caillat,Bubbly,2007
767,768,Ciara,Like A Boy,2007
768,769,Pink,Who Knew,2007
769,770,Kelly Clarkson,Never Again,2007
770,771,Ciara,Promise,2007
771,772,J. Holiday,Bed,2007
772,773,Rich Boy feat. Polow Da Don,Throw Some D’s,2007
773,774,Amy Winehouse,Rehab,2007
774,775,T.I.,Big Things Poppin’ (Do It),2007
775,776,Alicia Keys,No One,2007
776,777,Boys Like Girls,The Great Escape,2007
777,778,Unk,2 Step,2007
778,779,Paula DeAnda feat. The DEY,Walk Away (Remember Me),2007
779,780,Young Jeezy feat. R. Kelly,Go Getta,2007
780,781,Hellogoodbye,Here (In Your Arms),2007
781,782,Pretty Ricky,On The Hotline,2007
782,783,Gwen Stefani,Wind It Up,2007
783,784,Baby Bash feat. T-Pain,Cyclone,2007
784,785,Rihanna & Sean Paul,Break It Off,2007
785,786,Lifehouse,First Time,2007
786,787,50 Cent feat. Justin Timberlake & Timbaland,Ayo Technology,2007
787,788,Bow Wow feat. T-Pain & Johnta Austin,Outta My System,2007
788,789,Taylor Swift,Teardrops On My Guitar,2007
789,790,Rihanna,Shut Up And Drive,2007
790,791,Red Hot Chili Peppers,Snow ((Hey Oh)),2007
791,792,Ludacris feat. Pharrell,Money Maker,2007
792,793,Chris Brown feat. T-Pain,Kiss Kiss,2007
793,794,Nickelback,Far Away,2007
794,795,Crime Mob feat. Lil Scrappy,Rock Yo Hips,2007
795,796,Justin Timberlake,Lovestoned,2007
796,797,Hinder,Better Than Me,2007
797,798,Finger Eleven,Paralyzer,2007
798,799,Snoop Dogg feat. R. Kelly,That’s That,2007
799,800,R. Kelly and Usher,Same Girl,2007
800,801,Flo Rida feat. T-Pain,Low,2008
801,802,Leona Lewis,Bleeding Love,2008
802,803,Alicia Keys,No One,2008
803,804,Lil Wayne feat. Static Major,Lollipop,2008
804,805,Timbaland feat. OneRepublic,Apologize,2008
805,806,Jordin Sparks Duet With Chris Brown,No Air,2008
806,807,Sara Bareilles,Love Song,2008
807,808,Usher feat. Young Jeezy,Love In This Club,2008
808,809,Chris Brown,With You,2008
809,810,Chris Brown,Forever,2008
810,811,Ray J and Yung Berg,Sexy Can I,2008
811,812,Rihanna,Take A Bow,2008
812,813,Coldplay,Viva La Vida,2008
813,814,Katy Perry,I Kissed A Girl,2008
814,815,T.I.,Whatever You Like,2008
815,816,Rihanna,Disturbia,2008
816,817,Rihanna,Don’t Stop the Music,2008
817,818,Natasha Bedingfield,Pocketful of Sunshine,2008
818,819,Chris Brown feat. T-Pain,Kiss Kiss,2008
819,820,Ne-Yo,Closer,2008
820,821,Colbie Caillat,Bubbly,2008
821,822,Mariah Carey,Touch My Body,2008
822,823,Madonna feat. Justin Timberlake,4 Minutes,2008
823,824,Pink,So What,2008
824,825,Finger Eleven,Paralyzer,2008
825,826,Fergie,Clumsy,2008
826,827,Jason Mraz,I’m Yours,2008
827,828,Jesse McCartney,Leavin’,2008
828,829,Kardinal Offishall feat. Akon,Dangerous,2008
829,830,Jordin Sparks,Tattoo,2008
830,831,Miley Cyrus,See You Again,2008
831,832,Metro Station,Shake It,2008
832,833,OneRepublic,Stop And Stare,2008
833,834,Sean Kingston,Take You There,2008
834,835,M.I.A.,Paper Planes,2008
835,836,Katy Perry,Hot N Cold,2008
836,837,T.I. feat. Rihanna,Live Your Life,2008
837,838,Plies feat. Ne-Yo,Bust It Baby Part 2,2008
838,839,Estelle feat. Kanye West,American Boy,2008
839,840,Lil Wayne feat. T-Pain,Got Money,2008
840,841,Taylor Swift,Our Song,2008
841,842,Danity Kane,Damaged,2008
842,843,Lil Wayne,A Milli,2008
843,844,Buckcherry,Sorry,2008
844,845,Webbie feat. Lil’ Phat & Lil’ Boosie,Independent,2008
845,846,T-Pain feat. Lil Wayne,Can’t Believe It,2008
846,847,Alicia Keys,Like You’ll Never See Me Again,2008
847,848,Taylor Swift,Teardrops On My Guitar,2008
848,849,The Pussycat Dolls,When I Grow Up,2008
849,850,Snoop Dogg,Sensual Seduction,2008
850,851,Colby O’Donis feat. Akon,What You Got,2008
851,852,3 Doors Down,It’S Not My Time,2008
852,853,Leona Lewis,Better In Time,2008
853,854,Soulja Boy Tell’em,Crank That (Soulja Boy),2008
854,855,Linkin Park,Shadow Of The Day,2008
855,856,"Wyclef Jean feat. Akon, Lil Wayne & Niia",Sweetest Girl (Dollar Bill),2008
856,857,Ne-Yo,Miss Independent,2008
857,858,Secondhand Serenade,Fall For You,2008
858,859,Flo Rida feat. will.i.am,In The Ayer,2008
859,860,John Mayer,Say,2008
860,861,Jordin Sparks,One Step at A Time,2008
861,862,Rihanna feat. Ne-Yo,Hate That I Love You,2008
862,863,Lupe Fiasco feat. Matthew Santos,Superstar,2008
863,864,J. Holiday,Suffocate,2008
864,865,Kevin Rudolf feat. Lil Wayne,Let It Rock,2008
865,866,David Banner feat. Chris Brown,Get Like Me,2008
866,867,Colbie Caillat,Realize,2008
867,868,Young Jeezy feat. Kanye West,Put On,2008
868,869,David Cook,The Time Of My Life,2008
869,870,"Three 6 Mafia feat. Project Pat, Young D and Superpower",Lolli Lolli (Pop That Body),2008
870,871,Baby Bash feat. T-Pain,Cyclone,2008
871,872,Natasha Bedingfield feat. Sean Kingston,Love Like This,2008
872,873,Jonas Brothers,Burnin’ Up,2008
873,874,Kanye West,Love Lockdown,2008
874,875,The-Dream,I Luv Your Girl,2008
875,876,David Archuleta,Crush,2008
876,877,Plies feat. Akon,Hypnotized,2008
877,878,Fergie,Big Girls Don’t Cry,2008
878,879,Kanye West feat. T-Pain,Good Life,2008
879,880,Britney Spears,Womanizer,2008
880,881,Taylor Swift,Love Story,2008
881,882,Mary J. Blige,Just Fine,2008
882,883,Britney Spears,Piece Of Me,2008
883,884,Rick Ross feat. T-Pain,The Boss,2008
884,885,Kid Rock,All Summer Long,2008
885,886,Trey Songz,Can’t Help But Wait,2008
886,887,Gavin DeGraw,In Love With A Girl,2008
887,888,The Game feat. Lil Wayne,My Life,2008
888,889,Keyshia Cole,I Remember,2008
889,890,Kanye West feat. Dwele,Flashing Lights,2008
890,891,Lil Wayne feat. Bobby Valentino & Kidd Kidd,Mrs. Officer,2008
891,892,Miley Cyrus,7 Things,2008
892,893,Trace Adkins,You’re Gonna Miss This,2008
893,894,Gavin Rossdale,Love Remains The Same,2008
894,895,Daughtry,Feels Like Tonight,2008
895,896,Timbaland feat. Keri Hilson,The Way I Are,2008
896,897,Saving Abel,Addicted,2008
897,898,Santana feat. Chad Kroeger,Into The Night,2008
898,899,Keyshia Cole,Heaven Sent,2008
899,900,2 Pistols feat. T-Pain and Tay Dizm,She Got It,2008
900,901,The Black Eyed Peas,Boom Boom Pow,2009
901,902,Lady Gaga,Poker Face,2009
902,903,Lady Gaga feat. Colby O’Donis,Just Dance,2009
903,904,The Black Eyed Peas,I Gotta Feeling,2009
904,905,Taylor Swift,Love Story,2009
905,906,Flo Rida,Right Round,2009
906,907,Jason Mraz,I’m Yours,2009
907,908,Beyonce,Single Ladies (Put A Ring On It),2009
908,909,Kanye West,Heartless,2009
909,910,The All-American Rejects,Gives You Hell,2009
910,911,Taylor Swift,You Belong With Me,2009
911,912,T.I. feat. Justin Timberlake,Dead And Gone,2009
912,913,The Fray,You Found Me,2009
913,914,Kings Of Leon,Use Somebody,2009
914,915,Keri Hilson feat. Kanye West and Ne-Yo,Knock You Down,2009
915,916,Jamie Foxx feat. T-Pain,Blame It,2009
916,917,Pitbull,I Know You Want Me (Calle Ocho),2009
917,918,T.I. feat. Rihanna,Live Your Life,2009
918,919,Soulja Boy Tell ’em feat. Sammie,Kiss Me Thru The Phone,2009
919,920,Jay Sean feat. Lil Wayne,Down,2009
920,921,Miley Cyrus,The Climb,2009
921,922,Drake,Best I Ever Had,2009
922,923,Kelly Clarkson,My Life Would Suck Without You,2009
923,924,Beyonce,Halo,2009
924,925,Katy Perry,Hot n Cold,2009
925,926,Shinedown,Second Chance,2009
926,927,Britney Spears,Circus,2009
927,928,Kid Cudi,Day ‘n’ Nite,2009
928,929,Miley Cyrus,Party in the U.S.A.,2009
929,930,3OH!3,Don’t Trust Me,2009
930,931,"Jay-Z, Rihanna and Kanye West",Run This Town,2009
931,932,Kevin Rudolf feat. Lil Wayne,Let It Rock,2009
932,933,Sean Kingston,Fire Burning,2009
933,934,Jason DeRulo,Whatcha Say,2009
934,935,Lady Gaga,Lovegame,2009
935,936,Katy Perry,Waking Up In Vegas,2009
936,937,Jeremih,Birthday Sex,2009
937,938,Pink,Sober,2009
938,939,Britney Spears,Womanizer,2009
939,940,T.I.,Whatever You Like,2009
940,941,Mariah Carey,Obsessed,2009
941,942,Ne-Yo,Mad,2009
942,943,Cobra Starship feat. Leighton Meester,Good Girls Go Bad,2009
943,944,Kanye West,Love Lockdown,2009
944,945,Pink,So What,2009
945,946,Pitbull,Hotel Room Service,2009
946,947,"Eminem, Dr. Dre and 50 Cent",Crack A Bottle,2009
947,948,Beyonce,If I Were A Boy,2009
948,949,Keri Hilson feat. Lil Wayne,Turning Me On,2009
949,950,The Pussycat Dolls,I Hate This Part,2009
950,951,Nickelback,Gotta Be Somebody,2009
951,952,Pink,Please Don’t Leave Me,2009
952,953,Lady Gaga,Paparazzi,2009
953,954,Akon feat. Colby O’Donis and Kardinal Offishall,Beautiful,2009
954,955,Coldplay,Viva la Vida,2009
955,956,Akon,Right Now (Na Na Na),2009
956,957,Jordin Sparks,Battlefield,2009
957,958,Flo Rida feat. Wynter,Sugar,2009
958,959,Ne-Yo,Miss Independent,2009
959,960,Owl City,Fireflies,2009
960,961,Linkin Park,New Divide,2009
961,962,Jay-Z + Alicia Keys,Empire State Of Mind,2009
962,963,Daughtry,No Surprise,2009
963,964,Shakira,She Wolf,2009
964,965,Mario feat. Gucci Mane and Sean Garrett,Break Up,2009
965,966,Beyonce,Sweet Dreams,2009
966,967,Young Money,Every Girl,2009
967,968,Colbie Caillat,Fallin’ For You,2009
968,969,The Veronicas,Untouched,2009
969,970,Nickelback,If Today Was Your Last Day,2009
970,971,Fabolous feat. The-Dream,Throw It In The Bag,2009
971,972,Boys Like Girls,Love Drunk,2009
972,973,Asher Roth,I Love College,2009
973,974,Britney Spears,If U Seek Amy,2009
974,975,Jason Aldean,Big Green Tractor,2009
975,976,Taylor Swift,White Horse,2009
976,977,Rihanna,Disturbia,2009
977,978,Green Day,21 Guns,2009
978,979,Soulja Boy Tell’em,Turn My Swag On,2009
979,980,The-Dream,Rockin’ That Thang,2009
980,981,Zac Brown Band,Chicken Fried,2009
981,982,Beyonce,Diva,2009
982,983,Iyaz,Replay,2009
983,984,Brad Paisley,Then,2009
984,985,Rob Thomas,Her Diamonds,2009
985,986,Jesse McCartney feat. Ludacris,How Do You Sleep?,2009
986,987,Britney Spears,3,2009
987,988,"Drake feat. Kanye West, Lil Wayne and Eminem",Forever,2009
988,989,Justin Bieber,One Time,2009
989,990,Lady Antebellum,I Run To You,2009
990,991,Kelly Clarkson,I Do Not Hook Up,2009
991,992,John Legend feat. Andre 3000,Green Light,2009
992,993,Billy Currington,People Are Crazy,2009
993,994,Zac Brown Band,Whatever It Is,2009
994,995,Kelly Clarkson,Already Gone,2009
995,996,Kristinia DeBarge,Goodbye,2009
996,997,Michael Franti and Spearhead feat. Cherine Anderson,Say Hey (I Love You),2009
997,998,Jim Jones and Ron Browz feat. Juelz Santana,Pop Champagne,2009
998,999,Maxwell,Pretty Wings,2009
999,1000,The Fray,Never Say Never,2009
1000,1001,Ke$ha,TiK ToK,2010
1001,1002,Lady Antebellum,Need You Now,2010
1002,1003,Train,"Hey, Soul Sister",2010
1003,1004,Katy Perry feat. Snoop Dogg,California Gurls,2010
1004,1005,Usher feat. will.i.am,OMG,2010
1005,1006,B.o.B feat. Hayley Williams,Airplanes,2010
1006,1007,Eminem feat. Rihanna,Love The Way You Lie,2010
1007,1008,Lady Gaga,Bad Romance,2010
1008,1009,Taio Cruz,Dynamite,2010
1009,1010,Taio Cruz feat. Ludacris,Break Your Heart,2010
1010,1011,B.o.B feat. Bruno Mars,Nothin’ On You,2010
1011,1012,Enrique Iglesias feat. Pitbull,I Like It,2010
1012,1013,Young Money feat. Lloyd,Bedrock,2010
1013,1014,Jason Derulo,In My Head,2010
1014,1015,Rihanna,Rude Boy,2010
1015,1016,Lady Gaga feat. Beyonce,Telephone,2010
1016,1017,Katy Perry,Teenage Dream,2010
1017,1018,Bruno Mars,Just The Way You Are,2010
1018,1019,Mike Posner,Cooler Than Me,2010
1019,1020,Black Eyed Peas,Imma Be,2010
1020,1021,Jay-Z and Alicia Keys,Empire State of Mind,2010
1021,1022,Usher feat. Pitbull,DJ Got Us Fallin’ in Love,2010
1022,1023,Travie McCoy feat. Bruno Mars,Billionaire,2010
1023,1024,Eminem,Not Afraid,2010
1024,1025,Iyaz,Replay,2010
1025,1026,David Guetta feat. Akon,Sexy Chick,2010
1026,1027,The Script,Breakeven,2010
1027,1028,Ke$ha,Your Love Is My Drug,2010
1028,1029,Black Eyed Peas,I Gotta Feeling,2010
1029,1030,Owl City,Fireflies,2010
1030,1031,Trey Songz feat. Fabolous,Say Aah,2010
1031,1032,Drake,Find Your Love,2010
1032,1033,Lady Gaga,Alejandro,2010
1033,1034,Jason Derulo,Ridin’ Solo,2010
1034,1035,Nelly,Just A Dream,2010
1035,1036,Ludacris,How Low,2010
1036,1037,Far East Movement feat. The Cataracs and Dev,Like A G6,2010
1037,1038,Timbaland feat. Justin Timberlake,Carry Out,2010
1038,1039,Michael Buble,Haven’t Met You Yet,2010
1039,1040,Flo Rida feat. David Guetta,Club Can’t Handle Me,2010
1040,1041,Jay Sean feat. Lil Wayne,Down,2010
1041,1042,La Roux,Bulletproof,2010
1042,1043,Jason Derulo,Whatcha Say,2010
1043,1044,Justin Bieber feat. Ludacris,Baby,2010
1044,1045,Adam Lambert,Whataya Want From Me,2010
1045,1046,Taylor Swift,Mine,2010
1046,1047,Rihanna,Only Girl (In The World),2010
1047,1048,Kris Allen,Live Like We’re Dying,2010
1048,1049,Rihanna feat. Jeezy,Hard,2010
1049,1050,Jay-Z and Mr. Hudson,Young Forever,2010
1050,1051,Ke$ha feat. 3OH!3,Blah Blah Blah,2010
1051,1052,Trey Songz feat. Nicki Minaj,Bottoms Up,2010
1052,1053,Jay Sean feat. Sean Paul & Lil Jon,Do You Remember,2010
1053,1054,OneRepublic,All The Right Moves,2010
1054,1055,Orianthi,According To You,2010
1055,1056,Ludacris feat. Nicki Minaj,My Chick Bad,2010
1056,1057,Taylor Swift,You Belong With Me,2010
1057,1058,Black Eyed Peas,Meet Me Halfway,2010
1058,1059,Ke$ha,Take It Off,2010
1059,1060,Drake,Over,2010
1060,1061,Neon Trees,Animal,2010
1061,1062,Maroon 5,Misery,2010
1062,1063,B.o.B feat. Rivers Cuomo,Magic,2010
1063,1064,Lady Gaga,Paparazzi,2010
1064,1065,New Boyz feat. Ray J,Tie Me Down,2010
1065,1066,Nicki Minaj,Your Love,2010
1066,1067,Miley Cyrus,Party In The U.S.A.,2010
1067,1068,Chris Brown feat. Tyga and Kevin McCall,Deuces,2010
1068,1069,Britney Spears,3,2010
1069,1070,Shontelle,Impossible,2010
1070,1071,"Drake feat. Kanye West, Lil Wayne and Eminem",Forever,2010
1071,1072,Boys Like Girls feat. Taylor Swift,Two Is Better Than One,2010
1072,1073,3OH!3 feat. Ke$ha,My First Kiss,2010
1073,1074,Kelly Clarkson,Already Gone,2010
1074,1075,Black Eyed Peas,Rock That Body,2010
1075,1076,OneRepublic,Secrets,2010
1076,1077,Selena Gomez and The Scene,Naturally,2010
1077,1078,Alicia Keyes,Un-Thinkable (I’m Ready),2010
1078,1079,"DJ Khaled feat. T-Pain, Ludacris, Snoop Dogg and Rick Ross",All I Do Is Win,2010
1079,1080,"Kevin Rudolf feat. Birdman, Jay Sean, & Lil Wayne",I Made It (Cash Money Heroes),2010
1080,1081,Sugarland,Stuck Like Glue,2010
1081,1082,Usher feat. Plies,Hey Daddy (Daddy’s Home),2010
1082,1083,Usher,There Goes My Baby,2010
1083,1084,Taylor Swift,Today Was A Fairytale,2010
1084,1085,Timbaland feat. Drake,Say Something,2010
1085,1086,Beyonce,Sweet Dreams,2010
1086,1087,Kings of Leon,Use Somebody,2010
1087,1088,Carrie Underwood,Undo It,2010
1088,1089,Sean Kingston and Justin Bieber,Eenie Meenie,2010
1089,1090,Lil Wayne feat. Drake,Right Above It,2010
1090,1091,Miranda Lambert,The House That Built Me,2010
1091,1092,The Band Perry,If I Die Young,2010
1092,1093,Paramore,The Only Exception,2010
1093,1094,Lady Antebellum,American Honey,2010
1094,1095,Sara Bareilles,King Of Anything,2010
1095,1096,Daughtry,Life After You,2010
1096,1097,Uncle Kraker,Smile,2010
1097,1098,Cali Swag District,Teach Me How To Dougie,2010
1098,1099,Alicia Keyes,Try Sleeping With A Broken Heart,2010
1099,1100,Jerrod Niemann,"Lover, Lover",2010
1100,1101,Adele,Rolling In The Deep,2011
1101,1102,LMFAO feat. Lauren Bennett & GoonRock,Party Rock Anthem,2011
1102,1103,Katy Perry,Firework,2011
1103,1104,Katy Perry feat. Kanye West,E.T.,2011
1104,1105,"Pitbull feat. Ne-Yo, Afrojack & Nayer",Give Me Everything,2011
1105,1106,Bruno Mars,Grenade,2011
1106,1107,Cee Lo Green,F**K You (Forget You),2011
1107,1108,Nicki Minaj,Super Bass,2011
1108,1109,Maroon 5 feat. Christina Aguilera,Moves Like Jagger,2011
1109,1110,The Black Eyed Peas,Just Can’t Get Enough,2011
1110,1111,Jennifer Lopez feat. Pitbull,On The Floor,2011
1111,1112,Rihanna,S&M,2011
1112,1113,Foster The People,Pumped Up Kicks,2011
1113,1114,Katy Perry,Last Friday Night (T.G.I.F.),2011
1114,1115,Bruno Mars,Just The Way You Are,2011
1115,1116,Enrique Iglesias feat. Ludacris & DJ Frank E,Tonight (I’m Lovin’ You),2011
1116,1117,P!Nk,Raise Your Glass,2011
1117,1118,Lady Gaga,Born This Way,2011
1118,1119,P!Nk,F**Kin’ Perfect,2011
1119,1120,Rihanna feat. Drake,What’s My Name?,2011
1120,1121,Chris Brown feat. Lil Wayne & Busta Rhymes,Look At Me Now,2011
1121,1122,Jeremih feat. 50 Cent,Down On Me,2011
1122,1123,Lil Wayne,How To Love,2011
1123,1124,Adele,Someone Like You,2011
1124,1125,OneRepublic,Good Life,2011
1125,1126,Bruno Mars,The Lazy Song,2011
1126,1127,Britney Spears,Till The World Ends,2011
1127,1128,Lupe Fiasco,The Show Goes On,2011
1128,1129,Lady Gaga,The Edge Of Glory,2011
1129,1130,Ke$Ha,We R Who We R,2011
1130,1131,Wiz Khalifa,Black And Yellow,2011
1131,1132,Hot Chelle Rae,Tonight Tonight,2011
1132,1133,Ke$Ha,Blow,2011
1133,1134,Bad Meets Evil feat. Bruno Mars,Lighters,2011
1134,1135,The Band Perry,If I Die Young,2011
1135,1136,Gym Class Heroes feat. Adam Levine,Stereo Hearts,2011
1136,1137,The Black Eyed Peas,The Time (Dirty Bit),2011
1137,1138,Diddy – Dirty Money feat. Skylar Grey,Coming Home,2011
1138,1139,Pitbull feat. T-Pain,Hey Baby (Drop It To The Floor),2011
1139,1140,Rihanna,Only Girl (In The World),2011
1140,1141,Lil Wayne feat. Cory Gunz,6 Foot 7 Foot,2011
1141,1142,Lady Antebellum,Just A Kiss,2011
1142,1143,Jason Aldean,Dirt Road Anthem,2011
1143,1144,Taio Cruz,Dynamite,2011
1144,1145,Waka Flocka Flame feat. Roscoe Dash & Wale,No Hands,2011
1145,1146,Britney Spears,I Wanna Go,2011
1146,1147,"DJ Khaled feat. Drake, Rick Ross & Lil Wayne",I’m On One,2011
1147,1148,Cobra Starship feat. Sabi,You Make Me Feel…,2011
1148,1149,Chris Brown,Yeah 3x,2011
1149,1150,Nicki Minaj feat. Drake,Moment 4 Life,2011
1150,1151,Dr. Dre feat. Eminem & Skylar Grey,I Need A Doctor,2011
1151,1152,Nelly,Just A Dream,2011
1152,1153,Kelly Rowland feat. Lil Wayne,Motivation,2011
1153,1154,Edward Maya & Vika Jigulina,Stereo Love,2011
1154,1155,Christina Perri,Jar Of Hearts,2011
1155,1156,Wiz Khalifa,Roll Up,2011
1156,1157,LMFAO,Sexy And I Know It,2011
1157,1158,Far*East Movement feat. Ryan Tedder,Rocketeer,2011
1158,1159,Kanye West,All Of The Lights,2011
1159,1160,Britney Spears,Hold It Against Me,2011
1160,1161,Usher,More,2011
1161,1162,Avril Lavigne,What The Hell,2011
1162,1163,Tinie Tempah feat. Eric Turner,Written In The Stars,2011
1163,1164,Trey Songz feat. Nicki Minaj,Bottoms Up,2011
1164,1165,Usher feat. Pitbull,DJ Got Us Fallin’ In Love,2011
1165,1166,The Script,For The First Time,2011
1166,1167,Blake Shelton,Honey Bee,2011
1167,1168,Jason Aldean With Kelly Clarkson,Don’t You Wanna Stay,2011
1168,1169,Rihanna feat. Calvin Harris,We Found Love,2011
1169,1170,Keri Hilson,Pretty Girl Rock,2011
1170,1171,Lady Gaga,You And I,2011
1171,1172,Far*East Movement feat. Cataracs & Dev,Like A G6,2011
1172,1173,David Guetta feat. Usher,Without You,2011
1173,1174,Taylor Swift,Back To December,2011
1174,1175,Katy Perry,Teenage Dream,2011
1175,1176,Eli Young Band,Crazy Girl,2011
1176,1177,Rihanna,Cheers (Drink To That),2011
1177,1178,Selena Gomez & The Scene,Who Says,2011
1178,1179,Jake Owen,Barefoot Blue Jean Night,2011
1179,1180,Zac Brown Band feat. Jimmy Buffett,Knee Deep,2011
1180,1181,Luke Bryan,Country Girl (Shake It For Me),2011
1181,1182,Brad Paisley With Carrie Underwood,Remind Me,2011
1182,1183,Dev,In The Dark,2011
1183,1184,New Boyz feat. The Cataracs & Dev,Backseat,2011
1184,1185,Drake,Headlines,2011
1185,1186,Beyonce,Best Thing I Never Had,2011
1186,1187,Jason Derulo,Don’t Wanna Go Home,2011
1187,1188,David Guetta feat. Flo Rida & Nicki Minaj,Where Them Girls At,2011
1188,1189,Chris Brown,She Ain’t You,2011
1189,1190,Rodney Atkins,Take A Back Road,2011
1190,1191,Mike Posner,Please Don’t Go,2011
1191,1192,Miguel,Sure Thing,2011
1192,1193,Jessie J feat. B.O.B,Price Tag,2011
1193,1194,Blake Shelton,God Gave Me You,2011
1194,1195,Lil Wayne feat. Drake,She Will,2011
1195,1196,Thompson Square,Are You Gonna Kiss Me Or Not,2011
1196,1197,Neon Trees,Animal,2011
1197,1198,Kenny Chesney feat. Grace Potter,You And Tequila,2011
1198,1199,Zac Brown Band,Colder Weather,2011
1199,1200,Big Sean feat. Chris Brown,My Last,2011
1200,1201,Gotye feat. Kimbra,Somebody That I Used To Know,2012
1201,1202,Carly Rae Jepsen,Call Me Maybe,2012
1202,1203,fun. feat. Janelle Monae,We Are Young,2012
1203,1204,Maroon 5 feat. Wiz Khalifa,Payphone,2012
1204,1205,Ellie Goulding,Lights,2012
1205,1206,The Wanted,Glad You Came,2012
1206,1207,Kelly Clarkson,Stronger (What Doesn’t Kill You),2012
1207,1208,Rihanna feat. Calvin Harris,We Found Love,2012
1208,1209,Nicki Minaj,Starships,2012
1209,1210,One Direction,What Makes You Beautiful,2012
1210,1211,Flo Rida feat. Sia,Wild Ones,2012
1211,1212,Adele,Set Fire To The Rain,2012
1212,1213,LMFAO,Sexy And I Know It,2012
1213,1214,fun.,Some Nights,2012
1214,1215,Katy Perry,Wide Awake,2012
1215,1216,Flo Rida,Good Feeling,2012
1216,1217,Flo Rida,Whistle,2012
1217,1218,Maroon 5,One More Night,2012
1218,1219,Train,Drive By,2012
1219,1220,Drake feat. Lil Wayne,The Motto,2012
1220,1221,Rihanna,Where Have You Been,2012
1221,1222,Neon Trees,Everybody Talks,2012
1222,1223,Drake feat. Rihanna,Take Care,2012
1223,1224,David Guetta feat. Sia,Titanium,2012
1224,1225,Jason Mraz,I Won’t Give Up,2012
1225,1226,Bruno Mars,It Will Rain,2012
1226,1227,"Kanye West, Big Sean, Pusha T, 2 Chainz",Mercy,2012
1227,1228,Justin Bieber,Boyfriend,2012
1228,1229,LMFAO feat. Lauren Bennett & GoonRock,Party Rock Anthem,2012
1229,1230,Alex Clare,Too Close,2012
1230,1231,Katy Perry,Part Of Me,2012
1231,1232,Snoop Dogg and Wiz Khalifa feat. Bruno Mars,"Young, Wild & Free",2012
1232,1233,Taylor Swift,We Are Never Ever Getting Back Together,2012
1233,1234,Justin Bieber feat. Big Sean,As Long as You Love Me,2012
1234,1235,David Guetta feat. Nicki Minaj,Turn Me On,2012
1235,1236,Maroon 5 feat. Christina Aguilera,Moves Like Jagger,2012
1236,1237,P!nk,Blow Me (One Last Kiss),2012
1237,1238,Owl City and Carly Rae Jepsen,Good Time,2012
1238,1239,Demi Lovato,Give Your Heart A Break,2012
1239,1240,Jay Z and Kanye West,Ni**As In Paris,2012
1240,1241,Katy Perry,The One That Got Away,2012
1241,1242,Calvin Harris,Feel So Close,2012
1242,1243,Adele,Someone Like You,2012
1243,1244,Usher,Scream,2012
1244,1245,Tyga,Rack City,2012
1245,1246,Jessie J,Domino,2012
1246,1247,PSY,Gangnam Style,2012
1247,1248,Pitbull feat. Chris Brown,International Love,2012
1248,1249,Phillip Phillips,Home,2012
1249,1250,David Guetta feat. Usher,Without You,2012
1250,1251,Gym Class Heroes feat. Neon Hitch,Ass Back Home,2012
1251,1252,Hunter Hayes,Wanted,2012
1252,1253,Luke Bryan,Drunk On You,2012
1253,1254,2 Chainz feat. Drake,No Lie,2012
1254,1255,Cher Lloyd,Want U Back,2012
1255,1256,Chris Brown,Don’t Wake Me Up,2012
1256,1257,Big Sean feat. Nicki Minaj,Dance (A$$),2012
1257,1258,Eric Church,Springsteen,2012
1258,1259,Karmin,Brokenhearted,2012
1259,1260,Gavin DeGraw,Not Over You,2012
1260,1261,Gym Class Heroes feat. Adam Levine,Stereo Hearts,2012
1261,1262,Pitbull,Back In Time,2012
1262,1263,J. Cole,Work Out,2012
1263,1264,Adele,Rumour Has It,2012
1264,1265,Calvin Harris feat. Ne-Yo,Let’s Go,2012
1265,1266,Carrie Underwood,Good Girl,2012
1266,1267,Little Big Town,Pontoon,2012
1267,1268,The Lumineers,Ho Hey,2012
1268,1269,Coldplay,Paradise,2012
1269,1270,Carrie Underwood,Blown Away,2012
1270,1271,Adele,Rolling In The Deep,2012
1271,1272,Usher,Climax,2012
1272,1273,Wiz Khalifa,"Work Hard, Play Hard",2012
1273,1274,Ne-Yo,Let Me Love You (Until You Learn To Love Yourself),2012
1274,1275,Nicki Minaj,Pound The Alarm,2012
1275,1276,Kenny Chesney,Come Over,2012
1276,1277,Trey Songz,Heart Attack,2012
1277,1278,Kirko Bangz,Drank In My Cup,2012
1278,1279,Rihanna feat. Chris Brown,Birthday Cake,2012
1279,1280,B.o.B,So Good,2012
1280,1281,Train,50 Ways To Say Goodbye,2012
1281,1282,Toby Keith,Red Solo Cup,2012
1282,1283,Selena Gomez and The Scene,Love You Like A Love Song,2012
1283,1284,Chris Brown,Turn Up The Music,2012
1284,1285,Ke$ha,Die Young,2012
1285,1286,T-Pain feat. Wiz Khalifa and Lily Allen,5 O’Clock,2012
1286,1287,Christina Perri,A Thousand Years,2012
1287,1288,Jason Aldean,Take A Little Ride,2012
1288,1289,Rihanna,You Da One,2012
1289,1290,Havana Brown feat. Pitbull,We Run The Night,2012
1290,1291,Imagine Dragons,It’s Time,2012
1291,1292,Ca$h Out,Cashin’ Out,2012
1292,1293,Luke Bryan,I Don’t Want This Night To End,2012
1293,1294,Rihanna,Diamonds,2012
1294,1295,Lee Brice,Hard To Love,2012
1295,1296,Kip Moore,Somethin’ ‘Bout A Truck,2012
1296,1297,Miguel,Adorn,2012
1297,1298,Jason Aldean,Fly Over States,2012
1298,1299,Eli Young Band,Even If It Breaks Your Heart,2012
1299,1300,Linkin Park,Burn It Down,2012
1300,1301,Macklemore & Ryan Lewis Featuring Ray Dalton , Can’t Hold Us,2013
1301,1302,Baauer , Harlem Shake,2013
1302,1303,P!nk Featuring Nate Ruess , Just Give Me A Reason,2013
1303,1304,Robin Thicke Featuring T.I. + Pharrell , Blurred Lines,2013
1304,1305,Lorde , Royals,2013
1305,1306,Robin Thicke Featuring T.I. + Pharrell , Blurred Lines,2013
1306,1307,Katy Perry , Roar,2013
1307,1308,Justin Timberlake , Mirrors,2013
1308,1309,Daft Punk Featuring Pharrell Williams , Get Lucky,2013
1309,1310,Miley Cyrus , We Can’t Stop,2013
1310,1311,Miley Cyrus , Wrecking Ball,2013
1311,1312,will.i.am & Britney Spears , Scream & Shout,2013
1312,1313,Justin Timberlake Featuring Jay Z , Suit & Tie,2013
1313,1314,Rihanna Featuring Mikky Ekko , Stay,2013
1314,1315,Eminem , Berzerk,2013
1315,1316,Eminem Featuring Rihanna , The Monster,2013
1316,1317,Drake Featuring Majid Jordan ," Hold On, We’re Going Home",2013
1317,1318,Florida Georgia Line Featuring Nelly , Cruise,2013
1318,1319,Bruno Mars , Treasure,2013
1319,1320,Avicii , Wake Me Up!,2013
1320,1321,Jay Z Featuring Justin Timberlake , Holy Grail,2013
1321,1322,Drake , Started From The Bottom,2013
1322,1323,Anna Kendrick , Cups (Pitch Perfect’s When I’m Gone),2013
1323,1324,Selena Gomez , Come & Get It,2013
1324,1325,Lady Gaga , Applause,2013
1325,1326,One Direction , Story Of My Life,2013
1326,1327,Imagine Dragons , Demons,2013
1327,1328,Pitbull Featuring Christina Aguilera , Feel This Moment,2013
1328,1329,Zedd Featuring Foxes , Clarity,2013
1329,1330,Ylvis , The Fox,2013
1330,1331,Lil Wayne Featuring Drake & Future , Love Me,2013
1331,1332,Icona Pop Featuring Charli XCX , I Love It,2013
1332,1333,Capital Cities , Safe And Sound,2013
1333,1334,OneRepublic , Counting Stars,2013
1334,1335,Demi Lovato , Heart Attack,2013
1335,1336,Ariana Grande Featuring Mac Miller , The Way,2013
1336,1337,Maroon 5 , Love Somebody,2013
1337,1338,Lana Del Rey & Cedric Gervais , Summertime Sadness,2013
1338,1339,Macklemore & Ryan Lewis FeatMary Lambert , Same Love,2013
1339,1340,"Mike WiLL Made-It Featuring Miley Cyrus, Wiz Khalifa & Juicy J",NaN,2013
1340,1341,PSY , Gentleman,2013
1341,1342,Passenger , Let Her Go,2013
1342,1343,Blake Shelton FeatPistol Annies & Friends , Boys ‘Round Here,2013
1343,1344,Fall Out Boy , Light Em Up,2013
1344,1345,2 Chainz & Wiz Khalifa , We Own It (Fast & Furious),2013
1345,1346,Luke Bryan , That’s My Kind Of Night,2013
1346,1347,Eminem , Survival,2013
1347,1348,will.i.am Featuring Justin Bieber , #thatPOWER,2013
1348,1349,Calvin Harris Featuring Ellie Goulding , I Need Your Love,2013
1349,1350,Mariah Carey Featuring Miguel , #Beautiful,2013
1350,1351,Eminem , Rap God,2013
1351,1352,Darius Rucker , Wagon Wheel,2013
1352,1353,Luke Bryan , Crash My Party,2013
1353,1354,Jason Derulo , The Other Side,2013
1354,1355,One Direction , Best Song Ever,2013
1355,1356,Rihanna , Pour It Up,2013
1356,1357,fun. , Carry On,2013
1357,1358,Miranda Lambert , Mama’s Broken Heart,2013
1358,1359,J. Cole Featuring Miguel , Power Trip,2013
1359,1360,Taylor Swift , 22,2013
1360,1361,Rocko Featuring Future & Rick Ross , U.O.E.N.O.,2013
1361,1362,Drake Featuring 2 Chainz & Big Sean , All Me,2013
1362,1363,Pitbull Featuring Ke$ha , Timber,2013
1363,1364,Tim McGraw With Taylor Swift , Highway Don’t Care,2013
1364,1365,Hunter Hayes , I Want Crazy,2013
1365,1366,YG Featuring Jeezy & Rich Homie Quan , My Hitta,2013
1366,1367,Chris Brown Featuring Nicki Minaj , Love More,2013
1367,1368,Paramore , Still Into You,2013
1368,1369,Blake Shelton , Sure Be Cool If You Did,2013
1369,1370,Olly Murs Featuring Flo Rida , Troublemaker,2013
1370,1371,Phillip Phillips ," Gone, Gone, Gone",2013
1371,1372,Thomas Rhett , It Goes Like This,2013
1372,1373,Robin Thicke Featuring Kendrick Lamar , Give It 2 U,2013
1373,1374,Katy Perry , Unconditionally,2013
1374,1375,Emeli Sande , Next To Me,2013
1375,1376,Ke$ha , C’Mon,2013
1376,1377,Wale Featuring Tiara Thomas , Bad,2013
1377,1378,Ciara , Body Party,2013
1378,1379,J. Cole Featuring TLC , Crooked Smile,2013
1379,1380,Randy Houser , Runnin’ Outta Moonlight,2013
1380,1381,Wale Featuring Tiara Thomas Or Rihanna , Bad,2013
1381,1382,Bruno Mars , Gorilla,2013
1382,1383,Florida Georgia Line , Get Your Shine On,2013
1383,1384,Lady Antebellum , Downtown,2013
1384,1385,Justin Timberlake , Take Back The Night,2013
1385,1386,Avril Lavigne , Here’s To Never Growing Up,2013
1386,1387,Brett Eldredge , Don’t Ya,2013
1387,1388,Florida Georgia Line , Round Here,2013
1388,1389,Selena Gomez , Slow Down,2013
1389,1390,Sage The Gemini Featuring IamSu , Gas Pedal,2013
1390,1391,Lady Gaga , Venus,2013
1391,1392,Kendrick Lamar ," Bitch, Don’t Kill My Vibe",2013
1392,1393,Ace Hood Featuring Future & Rick Ross , Bugatti,2013
1393,1394,The Neighbourhood , Sweater Weather,2013
1394,1395,Tyler Farr , Redneck Crazy,2013
1395,1396,Krewella , Alive,2013
1396,1397,Sara Bareilles , Brave,2013
1397,1398,The FiNATTiCZ , Don’t Drop That Thun Thun!,2013
1398,1399,Justin Timberlake , TKO,2013
1399,1400,Big Sean Featuring Lil Wayne & Jhene Aiko ,,2013
1400,1401,Pharrell Williams,Happy,2014
1401,1402,Katy Perry feat. Juicy J,Dark Horse,2014
1402,1403,John Legend,All Of Me,2014
1403,1404,Iggy Azalea feat. Charli XCX,Fancy,2014
1404,1405,OneRepublic,Counting Stars,2014
1405,1406,Jason Derulo feat. 2 Chainz,Talk Dirty,2014
1406,1407,MAGIC!,Rude,2014
1407,1408,Meghan Trainor,All About That Bass,2014
1408,1409,Ariana Grande feat. Iggy Azalea,Problem,2014
1409,1410,Sam Smith,Stay With Me,2014
1410,1411,Pitbull feat. Ke$ha,Timber,2014
1411,1412,Bastille,Pompeii,2014
1412,1413,Taylor Swift,Shake It Off,2014
1413,1414,Nico and Vinz,Am I Wrong,2014
1414,1415,DJ Snake and Lil Jon,Turn Down For What,2014
1415,1416,Eminem feat. Rihanna,The Monster,2014
1416,1417,A Great Big World and Christina Aguilera,Say Something,2014
1417,1418,Lorde,Team,2014
1418,1419,Passenger,Let Her Go,2014
1419,1420,Lorde,Royals,2014
1420,1421,Idina Menzel,Let It Go,2014
1421,1422,Avicii,Wake Me Up!,2014
1422,1423,Imagine Dragons,Demons,2014
1423,1424,One Direction,Story Of My Life,2014
1424,1425,Sia,Chandelier,2014
1425,1426,Iggy Azalea feat. Rita Ora,Black Widow,2014
1426,1427,"Jessie J, Ariana Grande & Nicki Minaj",Bang Bang,2014
1427,1428,Disclosure feat. Sam Smith,Latch,2014
1428,1429,Maroon 5,Maps,2014
1429,1430,Chris Brown feat. Lil Wayne and French Montana or Too $hort or Tyga,Loyal,2014
1430,1431,American Authors,Best Day Of My Life,2014
1431,1432,Tove Lo,Habits (Stay High),2014
1432,1433,Calvin Harris,Summer,2014
1433,1434,Charli XCX,Boom Clap,2014
1434,1435,Beyonce feat. Jay Z,Drunk In Love,2014
1435,1436,Nicki Minaj,Anaconda,2014
1436,1437,Ariana Grande feat. Zedd,Break Free,2014
1437,1438,Enrique Iglesias feat. Descemer Bueno and Gente De Zona,Bailando,2014
1438,1439,Ellie Goulding,Burn,2014
1439,1440,Jason Derulo feat. Snoop Dogg,Wiggle,2014
1440,1441,Clean Bandit feat. Jess Glynne,Rather Be,2014
1441,1442,Jeremih feat. Yg,Don’t Tell ‘Em,2014
1442,1443,Kid Ink feat. Chris Brown,Show Me,2014
1443,1444,Miley Cyrus,Wrecking Ball,2014
1444,1445,Justin Timberlake,Not A Bad Thing,2014
1445,1446,Katy Perry,Roar,2014
1446,1447,Paramore,Ain’t It Fun,2014
1447,1448,Aloe Blacc,The Man,2014
1448,1449,Florida Georgia Line feat. Luke Bryan,This Is How We Roll,2014
1449,1450,Mkto,Classic,2014
1450,1451,Coldplay,A Sky Full Of Stars,2014
1451,1452,Ed Sheeran,Don’t,2014
1452,1453,Trey Songz,Na Na,2014
1453,1454,Bobby Shmurda,Hot Boy,2014
1454,1455,Drake feat. Majid Jordan,"Hold On, We’re Going Home",2014
1455,1456,Ed Sheeran,Sing,2014
1456,1457,Imagine Dragons,Radioactive,2014
1457,1458,Yg feat. Jeezy and Rich Homie Quan,My Hitta,2014
1458,1459,Echosmith,Cool Kids,2014
1459,1460,Avicii,Hey Brother,2014
1460,1461,Jason Derulo,Trumpets,2014
1461,1462,Maroon 5,Animals,2014
1462,1463,Jason Aldean,Burnin’ It Down,2014
1463,1464,Luke Bryan,Play It Again,2014
1464,1465,Tinashe feat. Schoolboy Q,2 On,2014
1465,1466,Florida Georgia Line,Dirt,2014
1466,1467,OneRepublic,Love Runs Out,2014
1467,1468,Brantley Gilbert,Bottoms Up,2014
1468,1469,Becky G,Shower,2014
1469,1470,Rixton,Me And My Broken Heart,2014
1470,1471,Martin Garrix,Animals,2014
1471,1472,Rich Gang feat. Young Thug and Rich Homie Quan,Lifestyle,2014
1472,1473,Kenny Chesney,American Kids,2014
1473,1474,Sara Bareilles,Brave,2014
1474,1475,The Neighbourhood,Sweater Weather,2014
1475,1476,Sam Hunt,Leave The Night On,2014
1476,1477,Chris Brown feat. Usher and Rick Ross,New Flame,2014
1477,1478,Michael Jackson and Justin Timberlake,Love Never Felt So Good,2014
1478,1479,Dierks Bentley,Drunk On A Plane,2014
1479,1480,Katy Perry,Birthday,2014
1480,1481,Lady Antebellum,Bartender,2014
1481,1482,Naughty Boy feat. Sam Smith,La La La,2014
1482,1483,Robin Thicke feat. T.I. and Pharrell,Blurred Lines,2014
1483,1484,Lady Gaga feat. R. Kelly,Do What U Want,2014
1484,1485,Shakira feat. Rihanna,Can’t Remember To Forget You,2014
1485,1486,5 Seconds Of Summer,Amnesia,2014
1486,1487,T.I. feat. Iggy Azalea,No Mediocre,2014
1487,1488,Kongos,Come With Me Now,2014
1488,1489,Lil Wayne feat. Drake,Believe Me,2014
1489,1490,"Mike Will Made-It feat. Miley Cyrus, Wiz Khalifa and Juicy J",23,2014
1490,1491,Jake Owen,Beachin’,2014
1491,1492,Macklemore & Ryan Lewis feat. Schoolboy Q and Hollis,White Walls,2014
1492,1493,5 Seconds Of Summer,She Looks So Perfect,2014
1493,1494,Zedd feat. Hayley Williams,Stay The Night,2014
1494,1495,Beyonce,Partition,2014
1495,1496,Schoolboy Q feat. BJ The Chicago Kid,Studio,2014
1496,1497,Drake,0 To 100 / The Catch Up,2014
1497,1498,Lee Brice,I Don’t Dance,2014
1498,1499,Miranda Lambert and Carrie Underwood,Somethin’ Bad,2014
1499,1500,Miley Cyrus,Adore You,2014
1500,1501,Mark Ronson feat. Bruno Mars,Uptown Funk!,2015
1501,1502,Ed Sheeran,Thinking Out Loud,2015
1502,1503,Wiz Khalifa feat. Charlie Puth,See You Again,2015
1503,1504,Fetty Wap,Trap Queen,2015
1504,1505,Maroon 5,Sugar,2015
1505,1506,Walk The Moon,Shut Up and Dance,2015
1506,1507,Taylor Swift,Blank Space,2015
1507,1508,Silento,Watch Me,2015
1508,1509,Weeknd,Earned It (Fifty Shades Of Grey),2015
1509,1510,Weeknd,The Hills,2015
1510,1511,OMI,Cheerleader (Felix Jaehn Remix),2015
1511,1512,Weeknd,Can’t Feel My Face,2015
1512,1513,Ellie Goulding,Love Me Like You Do,2015
1513,1514,Hozier,Take Me To Church,2015
1514,1515,Taylor Swift feat. Kendrick Lamar,Bad Blood,2015
1515,1516,Major Lazer and DJ Snake feat. M0,Lean On,2015
1516,1517,Jason Derulo,Want To Want Me,2015
1517,1518,Taylor Swift,Shake It Off,2015
1518,1519,Skrillex and Diplo With Justin Bieber,Where Are U Now,2015
1519,1520,Rachel Platten,Fight Song,2015
1520,1521,Fetty Wap feat. Remy Boyz,679,2015
1521,1522,Meghan Trainor,Lips Are Movin,2015
1522,1523,Fifth Harmony feat. Kid Ink,Worth It,2015
1523,1524,Omarion feat. Chris Brown and Jhene Aiko,Post To Be,2015
1524,1525,Andy Grammer,"Honey, I’m Good.",2015
1525,1526,Sam Smith,I’m Not The OnlyOne,2015
1526,1527,Selena Gomez feat. A$AP Rocky,Good For You,2015
1527,1528,Meghan Trainor,All About That Bass,2015
1528,1529,Taylor Swift,Style,2015
1529,1530,Drake,Hotline Bling,2015
1530,1531,"David Guetta feat. Nicki Minaj, Bebe Rexha and Afrojack",Hey Mama,2015
1531,1532,Flo Rida feat. Sage The Gemini and Lookas,G.D.F.R.,2015
1532,1533,Justin Bieber,What Do You Mean?,2015
1533,1534,Ed Sheeran,Photograph,2015
1534,1535,Adele,Hello,2015
1535,1536,Shawn Mendes,Stitches,2015
1536,1537,Tove Lo,Talking Body,2015
1537,1538,Nick Jonas,Jealous,2015
1538,1539,Pitbull and Ne-Yo,Time Of Our Lives,2015
1539,1540,R. City feat. Adam Levine,Locked Away,2015
1540,1541,Natalie La Rose feat. Jeremih,Somebody,2015
1541,1542,"Rihanna, Kanye West, and Paul McCartney",FourFiveSeconds,2015
1542,1543,Fall Out Boy,Centuries,2015
1543,1544,Fetty Wap feat. Monty,My Way,2015
1544,1545,Sam Hunt,Take Your Time,2015
1545,1546,Maroon 5,Animals,2015
1546,1547,Big Sean feat. E-40,I Don’t F**k With You,2015
1547,1548,Rihanna,B**** Better Have My Money,2015
1548,1549,Rich Homie Quan,Flex (Ooh Ooh Ooh),2015
1549,1550,T-Wayne,Nasty Freestyle,2015
1550,1551,"Nicki Minaj feat. Drake, Lil Wayne and Chris Brown",Only,2015
1551,1552,Sia,Elastic Heart,2015
1552,1553,Demi Lovato,Cool For The Summer,2015
1553,1554,X Ambassadors,Renegades,2015
1554,1555,Usher feat. Juicy J,I Don’t Mind,2015
1555,1556,Ariana Grande and The Weeknd,Love Me Harder,2015
1556,1557,Taylor Swift,Wildest Dreams,2015
1557,1558,Sam Smith,Stay With Me,2015
1558,1559,DJ Snake and Alunageorge,You Know You Like It,2015
1559,1560,Fall Out Boy,Uma Thurman,2015
1560,1561,Beyonce,7/11,2015
1561,1562,Selena Gomez,The Heart Wants What It Wants,2015
1562,1563,Little Big Town,Girl Crush,2015
1563,1564,Trey Songz,Slow Motion,2015
1564,1565,One Direction,Drag Me Down,2015
1565,1566,Nicki Minaj feat. Drake and Lil Wayne,Truffle Butter,2015
1566,1567,Ariana Grande,One Last Time,2015
1567,1568,Nick Jonas,Chains,2015
1568,1569,Meek Mill feat. Chris Brown and Nicki Minaj,All Eyes On You,2015
1569,1570,Rae Sremmurd,No Type,2015
1570,1571,Vance Joy,Riptide,2015
1571,1572,Jidenna feat. Roman GianArthur,Classic Man,2015
1572,1573,Elle King,Ex’s and Oh’s,2015
1573,1574,Meghan Trainor,Dear Future Husband,2015
1574,1575,Charlie Puth feat. Meghan Trainor,Marvin Gaye,2015
1575,1576,Meghan Trainor feat. John Legend,Like I’m Gonna Lose You,2015
1576,1577,Tove Lo,Habits (Stay High),2015
1577,1578,James Newton Howard feat. Jennifer Lawrence,The Hanging Tree,2015
1578,1579,O.T. Genasis,Coco,2015
1579,1580,"Jessie J, Ariana Grande and Nicki Minaj",Bang Bang,2015
1580,1581,Sam Smith,Lay Me Down,2015
1581,1582,iLoveMakonnen feat. Drake,Tuesday,2015
1582,1583,iLoveMemphis,Hit The Quan,2015
1583,1584,"Macklemore and Ryan Lewis feat. Eric Nally, Melle Mel, Kool Moe Dee and Grandmaster Caz",Downtown,2015
1584,1585,Sam Hunt,House Party,2015
1585,1586,Chris Brown and Tyga,Ayo,2015
1586,1587,Luke Bryan,Kick The Dust Up,2015
1587,1588,Big Sean feat. Drake,Blessings,2015
1588,1589,George Ezra,Budapest,2015
1589,1590,Sia,Chandelier,2015
1590,1591,Kelly Clarkson,Heartbeat Song,2015
1591,1592,Ed Sheeran,Don’t,2015
1592,1593,Ella Henderson,Ghost,2015
1593,1594,Alessia Cara,Here,2015
1594,1595,Mr. Probz,Waves,2015
1595,1596,Nicky Jam and Enrique Iglesias,El Perdon (Forgiveness),2015
1596,1597,Ne-Yo feat. Juicy J,She Knows,2015
1597,1598,One Direction,Night Changes,2015
1598,1599,Drake,Back To Back,2015
1599,1600,Calvin Harris and Disciples,How Deep Is Your Love,2015
1600,1601,Justin Bieber,Love Yourself,2016
1601,1602,Justin Bieber,Sorry,2016
1602,1603,Drake feat. WizKid and Kyla,One Dance,2016
1603,1604,Rihanna feat. Drake,Work,2016
1604,1605,twenty one pilots,Stressed Out,2016
1605,1606,Desiigner,Panda,2016
1606,1607,Adele,Hello,2016
1607,1608,Chainsmokers feat. Daya,Don’t Let Me Down,2016
1608,1609,Justin Timberlake,Can’t Stop The Feeling!,2016
1609,1610,Chainsmokers feat. Halsey,Closer,2016
1610,1611,Sia feat. Sean Paul,Cheap Thrills,2016
1611,1612,Lukas Graham,7 Years,2016
1612,1613,Rihanna,Needed Me,2016
1613,1614,Flo Rida,My House,2016
1614,1615,Mike Posner,I Took A Pill In Ibiza,2016
1615,1616,Fifth Harmony feat. Ty Dolla $ign,Work From Home,2016
1616,1617,Calvin Harris feat. Rihanna,This Is What You Came For,2016
1617,1618,DNCE,Cake By The Ocean,2016
1618,1619,G-Eazy x Bebe Rexha,"Me, Myself and I",2016
1619,1620,twenty one pilots,Ride,2016
1620,1621,twenty one pilots,Heathens,2016
1621,1622,Zayn,Pillowtalk,2016
1622,1623,Shawn Mendes,Stitches,2016
1623,1624,Drake,Hotline Bling,2016
1624,1625,Major Lazer feat. Justin Bieber and MO,Cold Water,2016
1625,1626,Adele,Send My Love (To Your New Lover),2016
1626,1627,Chainsmokers feat. Rozes,Roses,2016
1627,1628,Shawn Mendes,Treat You Better,2016
1628,1629,Drake feat. Rihanna,Too Good,2016
1629,1630,Future feat. The Weeknd,Low Life,2016
1630,1631,Justin Bieber,What Do You Mean?,2016
1631,1632,Weeknd,The Hills,2016
1632,1633,Pink,Just Like Fire,2016
1633,1634,D.R.A.M. feat. Lil Yachty,Broccoli,2016
1634,1635,Bryson Tiller,Don’t,2016
1635,1636,Ariana Grande,Dangerous Woman,2016
1636,1637,Drake and Future,Jumpman,2016
1637,1638,gnash feat. Olivia O’Brien,I Hate U I Love U,2016
1638,1639,Alessia Cara,Here,2016
1639,1640,Selena Gomez,Same Old Love,2016
1640,1641,Drake,Controlla,2016
1641,1642,Meghan Trainor feat. John Legend,Like I’m Gonna Lose You,2016
1642,1643,Charlie Puth,One Call Away,2016
1643,1644,James Bay,Let It Go,2016
1644,1645,Meghan Trainor,No,2016
1645,1646,Zara Larsson and MNEK,Never Forget You,2016
1646,1647,DJ Snake feat. Justin Bieber,Let Me Love You,2016
1647,1648,Kent Jones,Don’t Mind,2016
1648,1649,Florida Georgia Line,H.O.L.Y. ,2016
1649,1650,Charlie Puth feat. Selena Gomez,We Don’t Talk Anymore,2016
1650,1651,Ariana Grande,Into You,2016
1651,1652,Kiiara,Gold,2016
1652,1653,Bryson Tiller,Exchange,2016
1653,1654,Fetty Wap feat. Remy Boyz,679,2016
1654,1655,Jeremih,Oui,2016
1655,1656,Selena Gomez,Hands To Myself,2016
1656,1657,Kevin Gates,2 PhonesLYRaICS,2016
1657,1658,Weeknd feat. Daft Punk,Starboy,2016
1658,1659,DJ Khaled feat. Drake,For Free,2016
1659,1660,Flume feat. Kai,Never Be Like You,2016
1660,1661,Weeknd,In The Night,2016
1661,1662,Meghan Trainor,Me Too,2016
1662,1663,Elle King,Ex’s and Oh’s,2016
1663,1664,Thomas Rhett,Die A Happy Man,2016
1664,1665,Post Malone,White Iverson,2016
1665,1666,Nick Jonas feat. Tove Lo,Close,2016
1666,1667,X Ambassadors,Unsteady,2016
1667,1668,"Lil Wayne, Wi",Sucker For Pain,2016
1668,1669,Yo Gotti feat. Nicki Minaj,Down In The Dm,2016
1669,1670,Tory Lanez,Luv,2016
1670,1671,Beyonce,Sorry,2016
1671,1672,Weeknd,Can’t Feel My Face,2016
1672,1673,Coldplay,Hymn For The Weekend,2016
1673,1674,Tory Lanez,Say It,2016
1674,1675,Travis Scott,Antidote,2016
1675,1676,Ruth B,Lost Boy,2016
1676,1677,Ariana Grande feat. Nicki Minaj,Side To Side,2016
1677,1678,Daya,"Sit Still, Look Pretty",2016
1678,1679,Taylor Swift,Wildest Dreams,2016
1679,1680,DJ Snake feat. Bipolar Sunshine,Middle,2016
1680,1681,Ellie Goulding,On My Mind,2016
1681,1682,Drake feat. The Throne,Pop Style,2016
1682,1683,Adele,When We Were Young,2016
1683,1684,Daya,Hide Away,2016
1684,1685,Major Lazer and DJ Snake feat. MO,Lean On,2016
1685,1686,Shawn Mendes and Camila Cabello,I Know What You Did Last Summer,2016
1686,1687,"Fat Joe, Rem",All The Way Up,2016
1687,1688,Silento,Watch Me,2016
1688,1689,Chris Brown,Back To Sleep,2016
1689,1690,Usher feat. Young Thug,No Limit,2016
1690,1691,O.T. Genasis feat. Young Dolph,Cut It,2016
1691,1692,Kevin Gates,Really Really,2016
1692,1693,Fifth Harmony feat. Fetty Wap,All In My Head (Flex),2016
1693,1694,Hailee Steinfeld and Grey feat. Zedd,Starving,2016
1694,1695,Coldplay,Adventure Of A Lifetime,2016
1695,1696,Tim McGraw,Humble And Kind,2016
1696,1697,Future,Wicked,2016
1697,1698,Desiigner,Tiimmy Turner,2016
1698,1699,Wiz Khalifa feat. Charlie Puth,See You Again,2016
1699,1700,One Direction,Perfect,2016
1700,1701,Ed Sheeran,Shape Of You,2017
1701,1702,Luis Fonsi & Daddy Yankee Featuring Justin Bieber,Despacito,2017
1702,1703,Bruno Mars,That’s What I Like,2017
1703,1704,Kendrick Lamar,Humble.,2017
1704,1705,The Chainsmokers & Coldplay,Something Just Like This,2017
1705,1706,Migos Featuring Lil Uzi Vert,Bad And Boujee,2017
1706,1707,The Chainsmokers Featuring Halsey,Closer,2017
1707,1708,Sam Hunt,Body Like A Back Road,2017
1708,1709,Imagine Dragons,Believer,2017
1709,1710,Post Malone Featuring Quavo,Congratulations,2017
1710,1711,James Arthur,Say You Won’t Let Go,2017
1711,1712,"DJ Khaled Featuring Justin Bieber, Quavo, Chance The Rapper & Lil Wayne",I’m The One,2017
1712,1713,Lil Uzi Vert,XO TOUR Llif3,2017
1713,1714,Future,Mask Off,2017
1714,1715,French Montana Featuring Swae Lee,Unforgettable,2017
1715,1716,Bruno Mars,24K Magic,2017
1716,1717,Zedd & Alessia Cara,Stay,2017
1717,1718,DJ Khaled Featuring Rihanna & Bryson Tiller,Wild Thoughts,2017
1718,1719,Rae Sremmurd Featuring Gucci Mane,Black Beatles,2017
1719,1720,The Weeknd Featuring Daft Punk,Starboy,2017
1720,1721,Khalid,Location,2017
1721,1722,Charlie Puth,Attention,2017
1722,1723,Shawn Mendes,There’s Nothing Holdin’ Me Back,2017
1723,1724,Cardi B,Bodak Yellow (Money Moves),2017
1724,1725,Childish Gambino,Redbone,2017
1725,1726,Zayn / Taylor Swift,I Don’t Wanna Live Forever (Fifty Shades Darker),2017
1726,1727,Kygo x Selena Gomez,It Ain’t Me,2017
1727,1728,KYLE Featuring Lil Yachty,iSpy,2017
1728,1729,Julia Michaels,Issues,2017
1729,1730,Alessia Cara,Scars To Your Beautiful,2017
1730,1731,Logic Featuring Alessia Cara & Khalid,1-800-273-8255,2017
1731,1732,Niall Horan,Slow Hands,2017
1732,1733,Rihanna,Love On The Brain,2017
1733,1734,The Weeknd Featuring Daft Punk,I Feel It Coming,2017
1734,1735,Big Sean,Bounce Back,2017
1735,1736,Liam Payne Featuring Quavo,Strip That Down,2017
1736,1737,Drake,Fake Love,2017
1737,1738,Maroon 5 Featuring Kendrick Lamar,Don’t Wanna Know,2017
1738,1739,Taylor Swift,Look What You Made Me Do,2017
1739,1740,Ed Sheeran,Castle On The Hill,2017
1740,1741,Machine Gun Kelly x Camila Cabello,Bad Things,2017
1741,1742,The Chainsmokers,Paris,2017
1742,1743,Ariana Grande Featuring Nicki Minaj,Side To Side,2017
1743,1744,Clean Bandit Featuring Sean Paul & Anne-Marie,Rockabye,2017
1744,1745,Portugal. The Man,Feel It Still,2017
1745,1746,DJ Snake Featuring Justin Bieber,Let Me Love You,2017
1746,1747,Demi Lovato,Sorry Not Sorry,2017
1747,1748,21 Savage,Bank Account,2017
1748,1749,Justin Timberlake,Can’t Stop The Feeling!,2017
1749,1750,J Balvin & Willy William Featuring Beyonce,Mi Gente,2017
1750,1751,Imagine Dragons,Thunder,2017
1751,1752,Migos,T-Shirt,2017
1752,1753,Yo Gotti Featuring Nicki Minaj,Rake It Up,2017
1753,1754,Shawn Mendes,Mercy,2017
1754,1755,Kodak Black,Tunnel Vision,2017
1755,1756,Post Malone Featuring 21 Savage,Rockstar,2017
1756,1757,Brett Young,In Case You Didn’t Know,2017
1757,1758,twenty one pilots,Heathens,2017
1758,1759,Halsey,Now Or Never,2017
1759,1760,Amine,Caroline,2017
1760,1761,Ayo & Teo,Rolex,2017
1761,1762,Kendrick Lamar,DNA.,2017
1762,1763,Zay Hilfigerrr & Zayion McCall,Juju On That Beat (TZ Anthem),2017
1763,1764,Rae Sremmurd,Swang,2017
1764,1765,Drake,Passionfruit,2017
1765,1766,Kendrick Lamar Featuring Rihanna,Loyalty.,2017
1766,1767,Kesha,Praying,2017
1767,1768,Travis Scott,Goosebumps,2017
1768,1769,Maroon 5 Featuring Future,Cold,2017
1769,1770,D.R.A.M. Featuring Lil Yachty,Broccoli,2017
1770,1771,Calvin Harris Featuring Frank Ocean & Migos,Slide,2017
1771,1772,Kane Brown Featuring Lauren Alaina,What Ifs,2017
1772,1773,Katy Perry Featuring Skip Marley,Chained To The Rhythm,2017
1773,1774,"Calvin Harris Featuring Pharrell Williams, Katy Perry & Big Sean",Feels,2017
1774,1775,Jon Bellion,All Time Low,2017
1775,1776,Luke Combs,Hurricane,2017
1776,1777,Sam Smith,Too Good At Goodbyes,2017
1777,1778,Khalid,Young Dumb & Broke,2017
1778,1779,Playboi Carti,Magnolia,2017
1779,1780,SZA Featuring Travis Scott,Love Galore,2017
1780,1781,A Boogie Wit da Hoodie Featuring Kodak Black,Drowning,2017
1781,1782,Hailee Steinfeld & Grey Featuring Zedd,Starving,2017
1782,1783,Gucci Mane Featuring Drake,Both,2017
1783,1784,P!nk,What About Us,2017
1784,1785,Jason Derulo Featuring Nicki Minaj & Ty Dolla $ign,Swalla,2017
1785,1786,Migos Featuring Gucci Mane,Slippery,2017
1786,1787,Harry Styles,Sign Of The Times,2017
1787,1788,Adele,Water Under The Bridge,2017
1788,1789,Miley Cyrus,Malibu,2017
1789,1790,Marian Hill,Down,2017
1790,1791,Cheat Codes Featuring Demi Lovato,No Promises,2017
1791,1792,Shawn Mendes,Treat You Better,2017
1792,1793,Gucci Mane Featuring Migos,I Get The Bag,2017
1793,1794,Dustin Lynch,Small Town Boy,2017
1794,1795,YFN Lucci Featuring PnB Rock,Everyday We Lit,2017
1795,1796,Camila Cabello Featuring Young Thug,Havana,2017
1796,1797,Maroon 5 Featuring SZA,What Lovers Do,2017
1797,1798,Blackbear,Do Re Mi,2017
1798,1799,XXXTentacion,Look At Me!,2017
1799,1800,Keith Urban Featuring Carrie Underwood,The Fighter,2017
1800,1801,Drake,God’s Plan,2018
1801,1802,Ed Sheeran,Perfect,2018
1802,1803,Bebe Rexha & Florida Georgia Line,Meant To Be,2018
1803,1804,Camila Cabello Featuring Young Thug,Havana,2018
1804,1805,Post Malone Featuring 21 Savage,Rockstar,2018
1805,1806,Post Malone Featuring Ty Dolla $ign,Psycho,2018
1806,1807,"Cardi B, Bad Bunny & J Balvin",I Like It,2018
1807,1808,"Zedd, Maren Morris & Grey",The Middle,2018
1808,1809,Drake,In My Feelings,2018
1809,1810,Maroon 5 Featuring Cardi B,Girls Like You,2018
1810,1811,Drake,Nice For What,2018
1811,1812,Juice WRLD,Lucid Dreams,2018
1812,1813,Post Malone,Better Now,2018
1813,1814,Bruno Mars & Cardi B,Finesse,2018
1814,1815,Ella Mai,Boo’d Up,2018
1815,1816,Dua Lipa,New Rules,2018
1816,1817,XXXTENTACION,Sad!,2018
1817,1818,Camila Cabello,Never Be The Same,2018
1818,1819,Khalid & Normani,Love Lies,2018
1819,1820,Ariana Grande,No Tears Left To Cry,2018
1820,1821,Bazzi,Mine,2018
1821,1822,Imagine Dragons,Thunder,2018
1822,1823,BlocBoy JB Featuring Drake,Look Alive,2018
1823,1824,Taylor Swift,Delicate,2018
1824,1825,Lil Baby & Drake,Yes Indeed,2018
1825,1826,Marshmello & Anne-Marie,Friends,2018
1826,1827,Halsey,Bad At Love,2018
1827,1828,Tyga Featuring Offset,Taste,2018
1828,1829,NF,Let You Down,2018
1829,1830,G-Eazy Featuring A$AP Rocky & Cardi B,No Limit,2018
1830,1831,6ix9ine Featuring Nicki Minaj & Murda Beatz,FEFE,2018
1831,1832,Dan + Shay,Tequila,2018
1832,1833,Portugal. The Man,Feel It Still,2018
1833,1834,"Migos, Nicki Minaj & Cardi B",MotorSport,2018
1834,1835,Lauv,I Like Me Better,2018
1835,1836,5 Seconds Of Summer,Youngblood,2018
1836,1837,Imagine Dragons,Whatever It Takes,2018
1837,1838,Offset & Metro Boomin,Ric Flair Drip,2018
1838,1839,Post Malone,I Fall Apart,2018
1839,1840,The Weeknd & Kendrick Lamar,Pray For Me,2018
1840,1841,Selena Gomez,Back To You,2018
1841,1842,Travis Scott,Sicko Mode,2018
1842,1843,Migos Featuring Drake,Walk It Talk It,2018
1843,1844,Lil Pump,Gucci Gang,2018
1844,1845,G-Eazy & Halsey,Him & I,2018
1845,1846,Shawn Mendes,In My Blood,2018
1846,1847,Kendrick Lamar & SZA,All The Stars,2018
1847,1848,Migos,Stir Fry,2018
1848,1849,Sam Smith,Too Good At Goodbyes,2018
1849,1850,Kendrick Lamar Featuring Zacari,Love.,2018
1850,1851,Childish Gambino,This Is America,2018
1851,1852,Drake,Nonstop,2018
1852,1853,Kane Brown,Heaven,2018
1853,1854,Cardi B,Bodak Yellow (Money Moves),2018
1854,1855,Lil Dicky Featuring Chris Brown,Freaky Friday,2018
1855,1856,6ix9ine,Gummo,2018
1856,1857,Rich The Kid,Plug Walk,2018
1857,1858,Maroon 5,Wait,2018
1858,1859,Cardi B,Be Careful,2018
1859,1860,Selena Gomez X Marshmello,Wolves,2018
1860,1861,Cardi B Featuring 21 Savage,Bartier Cardi,2018
1861,1862,Ariana Grande,God Is A Woman,2018
1862,1863,"YG Featuring 2 Chainz, Big Sean & Nicki Minaj",Big Bank,2018
1863,1864,Demi Lovato,Sorry Not Sorry,2018
1864,1865,Charlie Puth,How Long,2018
1865,1866,MAX Featuring gnash,Lights Down Low,2018
1866,1867,Khalid,Young Dumb & Broke,2018
1867,1868,Calvin Harris & Dua Lipa,One Kiss,2018
1868,1869,Imagine Dragons,Natural,2018
1869,1870,Jason Aldean,You Make It Easy,2018
1870,1871,Ed Sheeran,Shape Of You,2018
1871,1872,Gucci Mane Featuring Migos,I Get The Bag,2018
1872,1873,"DJ Khaled Featuring Justin Bieber, Chance The Rapper & Quavo",No Brainer,2018
1873,1874,A$AP Ferg Featuring Nicki Minaj,Plain Jane,2018
1874,1875,Miguel Featuring Travis Scott,Sky Walker,2018
1875,1876,Thomas Rhett,Marry Me,2018
1876,1877,"Benny Blanco, Halsey & Khalid",Eastside,2018
1877,1878,The Weeknd,Call Out My Name,2018
1878,1879,"Jay Rock, Kendrick Lamar, Future & James Blake",King’s Dead,2018
1879,1880,Marshmello & Bastille,Happier,2018
1880,1881,"Casper Magico, Nio Garcia, Darell, Nicky Jam, Ozuna & Bad Bunny",Te Bote,2018
1881,1882,Florida Georgia Line,Simple,2018
1882,1883,N*E*R*D & Rihanna,Lemon,2018
1883,1884,Logic Featuring Alessia Cara & Khalid,1-800-273-8255,2018
1884,1885,Justin Timberlake Featuring Chris Stapleton,Say Something,2018
1885,1886,Drake,I’m Upset,2018
1886,1887,Kenny Chesney,Get Along,2018
1887,1888,XXXTENTACION,Moonlight,2018
1888,1889,Maroon 5 Featuring SZA,What Lovers Do,2018
1889,1890,Nicky Jam x J Balvin,X,2018
1890,1891,YoungBoy Never Broke Again,Outside Today,2018
1891,1892,Ella Mai,Trip,2018
1892,1893,Daddy Yankee,Dura,2018
1893,1894,XXXTENTACION,Changes,2018
1894,1895,Brett Young,Mercy,2018
1895,1896,Luke Combs,One Number Away,2018
1896,1897,Rae Sremmurd & Juicy J,Powerglide,2018
1897,1898,Dua Lipa,IDGAF,2018
1898,1899,J Balvin & Willy William Featuring Beyonce,Mi Gente,2018
1899,1900,Imagine Dragons,Believer,2018
1900,1901,Lil Nas X Featuring Billy Ray Cyrus, Old Town Road,2019
1901,1902,Post Malone & Swae Lee, Sunflower (Spider-Man: Into The Spider-Verse),2019
1902,1903,Halsey, Without Me,2019
1903,1904,Billie Eilish, Bad Guy,2019
1904,1905,Post Malone, Wow.,2019
1905,1906,Marshmello & Bastille, Happier,2019
1906,1907,Ariana Grande, 7 Rings,2019
1907,1908,Khalid, Talk,2019
1908,1909,Travis Scott, Sicko Mode,2019
1909,1910,Jonas Brothers, Sucker,2019
1910,1911,Panic! At The Disco, High Hopes,2019
1911,1912,Ariana Grande," Thank U, Next",2019
1912,1913,Lizzo, Truth Hurts,2019
1913,1914,Sam Smith & Normani, Dancing With A Stranger,2019
1914,1915,16 , SenoritaShawn Mendes & Camila Cabello,2019
1915,1916,Ed Sheeran & Justin Bieber, I Don’t Care,2019
1916,1917,"benny blanco, Halsey & Khalid", Eastside,2019
1917,1918,Meek Mill Featuring Drake, Going Bad,2019
1918,1919,Lady Gaga & Bradley Cooper, Shallow,2019
1919,1920,Khalid, Better,2019
1920,1921,Chris Brown Featuring Drake, No Guidance,2019
1921,1922,Maroon 5 Featuring Cardi B, Girls Like You,2019
1922,1923,Ava Max, Sweet But Psycho,2019
1923,1924,DaBaby, Suge,2019
1924,1925,J. Cole, Middle Child,2019
1925,1926,Lil Baby & Gunna, Drip Too Hard,2019
1926,1927,Lewis Capaldi, Someone You Loved,2019
1927,1928,Lil Tecca, Ran$om,2019
1928,1929,Shawn Mendes, If I Can’t Have You,2019
1929,1930,Post Malone Featuring Young Thug, Goodbyes,2019
1930,1931,Kodak Black Featuring Travis Scott & Offset, ZEZE,2019
1931,1932,Post Malone, Better Now,2019
1932,1933,5 Seconds Of Summer, Youngblood,2019
1933,1934,Drake Featuring Rick Ross, Money In The Grave,2019
1934,1935,Dan + Shay, Speechless,2019
1935,1936,Ariana Grande," Break Up With Your Girlfriend, I’m Bored",2019
1936,1937,Cardi B & Bruno Mars, Please Me,2019
1937,1938,Cardi B, Money,2019
1938,1939,Taylor Swift, You Need To Calm Down,2019
1939,1940,Lil Nas X, Panini,2019
1940,1941,A Boogie Wit da Hoodie, Look Back At It,2019
1941,1942,21 Savage, A Lot,2019
1942,1943,Taylor Swift Featuring Brendon Urie, ME!,2019
1943,1944,Bad Bunny Featuring Drake, MIA,2019
1944,1945,Polo G Featuring Lil Tjay, Pop Out,2019
1945,1946,Luke Combs, Beautiful Crazy,2019
1946,1947,Blueface, Thotiana,2019
1947,1948,Juice WRLD, Lucid Dreams,2019
1948,1949,Sheck Wes, Mo Bamba,2019
1949,1950,Ed Sheeran Featuring Khalid, Beautiful People,2019
1950,1951,Gucci Mane X Bruno Mars X Kodak Black, Wake Up In The Sky,2019
1951,1952,53 , Whiskey GlassesMorgan Wallen,2019
1952,1953,Blake Shelton, God’s Country,2019
1953,1954,Dean Lewis, Be Alright,2019
1954,1955,Mustard & Migos, Pure Water,2019
1955,1956,Blanco Brown, The Git Up,2019
1956,1957,"DJ Snake Featuring Selena Gomez, Ozuna & Cardi B", Taki Taki,2019
1957,1958,Ellie Goulding X Diplo Featuring Swae Lee, Close To Me,2019
1958,1959,Calboy, Envy Me,2019
1959,1960,Lauren Daigle, You Say,2019
1960,1961,Panic! At The Disco," Hey Look Ma, I Made It",2019
1961,1962,Post Malone, Circles,2019
1962,1963,Luke Combs, Beer Never Broke My Heart,2019
1963,1964,"Young Thug, J. Cole & Travis Scott", The London,2019
1964,1965,Daddy Yankee & Katy Perry Featuring Snow, Con Calma,2019
1965,1966,Billie Eilish, When The Party’s Over,2019
1966,1967,City Girls, Act Up,2019
1967,1968,"Cardi B, Bad Bunny & J Balvin", I Like It,2019
1968,1969,SHAED, Trampoline,2019
1969,1970,Flipp Dinero, Leave Me Alone,2019
1970,1971,Ariana Grande, Breathin,2019
1971,1972,Billie Eilish, Bury A Friend,2019
1972,1973,Lil Baby, Close Friends,2019
1973,1974,Pinkfong, Baby Shark,2019
1974,1975,Saweetie, My Type,2019
1975,1976,YK Osiris, Worth It,2019
1976,1977,Jonas Brothers, Only Human,2019
1977,1978,Luke Bryan, Knockin’ Boots,2019
1978,1979,Ella Mai, Trip,2019
1979,1980,Lee Brice, Rumor,2019
1980,1981,A Boogie Wit da Hoodie Featuring 6ix9ine, Swervin,2019
1981,1982,Sam Smith, How Do You Sleep?,2019
1982,1983,Lil Baby & DaBaby, Baby,2019
1983,1984,Thomas Rhett, Look What God Gave Her,2019
1984,1985,Kane Brown, Good As You,2019
1985,1986,Offset Featuring Cardi B, Clout,2019
1986,1987,Khalid & Normani, Love Lies,2019
1987,1988,Marshmello & Kane Brown, One Thing Right,2019
1988,1989,Megan Thee Stallion Featuring DaBaby, Cash Shit,2019
1989,1990,Dan + Shay, Tequila,2019
1990,1991,NLE Choppa, Shotta Flow,2019
1991,1992,"Megan Thee Stallion, Nicki Minaj & Ty Dolla $ign", Hot Girl Summer,2019
1992,1993,Florida Georgia Line, Talk You Out Of It,2019
1993,1994,Bazzi Featuring Camila Cabello, Beautiful,2019
1994,1995,Chase Rice, Eyes On You,2019
1995,1996,Dan + Shay, All To Myself ,2019
1996,1997,Ariana Grande & Social House, Boyfriend,2019
1997,1998,P!nk, Walk Me Home,2019
1998,1999,Juice WRLD, Robbery,2019
1999,2000,The Weeknd,Blinding Lights,2020
2000,2001,Post Malone,Circles,2020
2001,2002,Roddy Ricch,The Box,2020
2002,2003,Dua Lipa,Don’t Start Now,2020
2003,2004,DaBaby Featuring Roddy Ricch,5  Rockstar,2020
2004,2005,Harry Styles,Adore You,2020
2005,2006,Future Featuring Drake,7  Life Is Good,2020
2006,2007,Maroon 5,Memories,2020
2007,2008,Maren Morris,The Bones,2020
2008,2009,Lewis Capaldi,Someone You Loved,2020
2009,2010,Doja Cat,Say So,2020
2010,2011,Gabby Barrett Featuring Charlie Puth,I Hope,2020
2011,2012,"Jack Harlow Featuring DaBaby, Tory Lanez & Lil Wayne",13  Whats Poppin,2020
2012,2013,Tones And I,Dance Monkey,2020
2013,2014,Megan Thee Stallion,Savage,2020
2014,2015,Arizona Zervas,Roxanne,2020
2015,2016,Justin Bieber Featuring Quavo,17  Intentions,2020
2016,2017,Billie Eilish,Everything I Wanted,2020
2017,2018,SAINt JHN,Roses,2020
2018,2019,Harry Styles,Watermelon Sugar,2020
2019,2020,Lewis Capaldi,Before You Go,2020
2020,2021,Trevor Daniel,Falling,2020
2021,2022,Dan + Shay & Justin Bieber,"23  10,000 Hours",2020
2022,2023,Cardi B Featuring Megan Thee Stallion,24  WAP,2020
2023,2024,Mustard & Roddy Ricch,Ballin’,2020
2024,2025,blackbear,Hot Girl Bummer,2020
2025,2026,Lil Mosey,Blueberry Faygo,2020
2026,2027,The Weeknd,Heartless,2020
2027,2028,DaBaby,BOP,2020
2028,2029,Selena Gomez,Lose You To Love Me,2020
2029,2030,Lizzo,Good As Hell,2020
2030,2031,Drake,Toosie Slide,2020
2031,2032,Dua Lipa,Break My Heart,2020
2032,2033,Morgan Wallen,Chasin’ You,2020
2033,2034,Jawsh 685 x Jason Derulo,35  Savage Love (Laxed – Siren Beat),2020
2034,2035,Chris Brown Featuring Drake,36  No Guidance,2020
2035,2036,Camila Cabello Featuring DaBaby,37  My Oh My,2020
2036,2037,BTS,Dynamite,2020
2037,2038,Chris Brown & Young Thug,39  Go Crazy,2020
2038,2039,Roddy Ricch Featuring Mustard,40  High Fashion,2020
2039,2040,Drake Featuring Lil Durk,41  Laugh Now Cry Later,2020
2040,2041,Lil Baby,Woah,2020
2041,2042,Powfu Featuring beabadoobee,43  Death Bed,2020
2042,2043,Shawn Mendes & Camila Cabello,44  Senorita,2020
2043,2044,Travis Scott,HIGHEST IN THE ROOM,2020
2044,2045,Billie Eilish,Bad Guy,2020
2045,2046,24kGoldn Featuring iann dior,47  Mood,2020
2046,2047,Lady Gaga & Ariana Grande,48  Rain On Me,2020
2047,2048,Pop Smoke Featuring Lil Baby & DaBaby,49  For The Night,2020
2048,2049,Black Eyed Peas X J Balvin,50  RITMO (Bad Boys For Life),2020
2049,2050,Rod Wave,Heart On Ice,2020
2050,2051,Blake Shelton Duet With Gwen Stefani,52  Nobody But You,2020
2051,2052,SHAED,53  Trampoline,2020
2052,2053,Juice WRLD x Marshmello,54  Come & Go,2020
2053,2054,Lizzo,Truth Hurts,2020
2054,2055,JP Saxe Featuring Julia Michaels,56  If The World Was Ending,2020
2055,2056,Lil Baby & 42 Dugg,57  We Paid,2020
2056,2057,Justin Bieber,Yummy,2020
2057,2058,Old Dominion,One Man Band,2020
2058,2059,Jason Aldean,Got What I Got,2020
2059,2060,Surfaces,Sunday Best,2020
2060,2061,Eminem Featuring Juice WRLD,62  Godzilla,2020
2061,2062,Juice WRLD & YoungBoy Never Broke Again,63  Bandit,2020
2062,2063,StaySolidRocky,64  Party Girl,2020
2063,2064,Maddie & Tae,Die From A Broken Heart,2020
2064,2065,DJ Khaled Featuring Drake,66  Popstar,2020
2065,2066,Mariah Carey,All I Want For Christmas Is You,2020
2066,2067,Lee Brice,One Of Them Girls,2020
2067,2068,Sam Hunt,Hard To Forget,2020
2068,2069,Luke Bryan,70 One Margarita,2020
2069,2070,Lil Nas X,Panini,2020
2070,2071,Young Thug Featuring Gunna,Hot,2020
2071,2072,Carly Pearce & Lee Brice,73  I Hope You’re Happy Now,2020
2072,2073,Lil Baby,Emotionally Scarred,2020
2073,2074,YNW Melly & Juice WRLD,75  Suicidal,2020
2074,2075,Lil Baby,The Bigger Picture,2020
2075,2076,Jonas Brothers,Only Human,2020
2076,2077,Pop Smoke Featuring 50 Cent & Roddy Ricch,78  The Woo,2020
2077,2078,Lil Baby,Sum 2 Prove,2020
2078,2079,Ariana Grande & Justin Bieber,80  Stuck With U,2020
2079,2080,Pop Smoke Featuring Lil Tjay,81  Mood Swings,2020
2080,2081,Halsey,You Should Be Sad,2020
2081,2082,Pop Smoke,Dior,2020
2082,2083,BENEE Featuring Gus Dapperton,84  Supalonely,2020
2083,2084,Luke Combs,Even Though I’m Leaving,2020
2084,2085,"THE SCOTTS, Travis Scott & Kid Cudi",86  The Scotts,2020
2085,2086,Doja Cat & Tyga,87  Juicy,2020
2086,2087,Kane Brown With Swae Lee & Khalid,88  Be Like That,2020
2087,2088,Kane Brown,Homesick,2020
2088,2089,Rod Wave Featuring ATR Son Son,90  Rags2Riches,2020
2089,2090,Miranda Lambert,Bluebird,2020
2090,2091,Juice WRLD,92  Wishing Well,2020
2091,2092,Luke Combs Featuring Eric Church,93  Does To Me,2020
2092,2093,Jhene Aiko,P*$$y Fairy (OTW),2020
2093,2094,surf mesa Featuring Emilee,95  ily,2020
2094,2095,Morgan Wallen,More Than My Hometown,2020
2095,2096,Luke Combs,Lovin’ On You,2020
2096,2097,Moneybagg Yo,Said Sum,2020
2097,2098,H.E.R. Featuring YG,99  Slide,2020
2098,2099,NLE Choppa Featuring Roddy Ricch,100  Walk Em Down,2020
